"sample_id","category","count","count_proportion","volume","biovolume","living/not-living"
"","",1573,1,NA,NA,"other"
"P4_HSN_Mystinet_60_150_20_petit_6kts_rep1_large Roscoff","Chaetoceros<Mediophyceae",4,0.00754716981132075,0.00108099315948287,0.000483159379726198,"LIVING"
"P4_HSN_Mystinet_60_150_20_petit_6kts_rep1_large Roscoff","Dissoconium",3,0.00566037735849057,0.00147856387715794,0.000660857101181787,"LIVING"
"P4_HSN_Mystinet_60_150_20_petit_6kts_rep1_large Roscoff","Guinardia flaccida",23,0.0433962264150943,0.00766117933555937,0.00342423134065972,"LIVING"
"P4_HSN_Mystinet_60_150_20_petit_6kts_rep1_large Roscoff","Licmophora",1,0.00188679245283019,6.80822099505479e-05,3.04299412457259e-05,"LIVING"
"P4_HSN_Mystinet_60_150_20_petit_6kts_rep1_large Roscoff","Neoceratium",4,0.00754716981132075,0.000493903240378819,0.000220754387918927,"other"
"P4_HSN_Mystinet_60_150_20_petit_6kts_rep1_large Roscoff","Odontella sp.",1,0.00188679245283019,0.00116450470173529,0.000520485596456338,"LIVING"
"P4_HSN_Mystinet_60_150_20_petit_6kts_rep1_large Roscoff","Pleurosigma",3,0.00566037735849057,0.000813826232628527,0.000363746777037711,"LIVING"
"P4_HSN_Mystinet_60_150_20_petit_6kts_rep1_large Roscoff","Pseudo-Nitzschia chain",1,0.00188679245283019,7.28516799305044e-05,3.25616977114568e-05,"LIVING"
"P4_HSN_Mystinet_60_150_20_petit_6kts_rep1_large Roscoff","Rhizosolenia",96,0.181132075471698,0.00929803720690162,0.00415583933177411,"LIVING"
"P4_HSN_Mystinet_60_150_20_petit_6kts_rep1_large Roscoff","aggregates",6,0.0113207547169811,0.0516799444696702,0.0230988047382235,"NOT-LIVING"
"P4_HSN_Mystinet_60_150_20_petit_6kts_rep1_large Roscoff","badfocus<artefact",7,0.0132075471698113,0.00462489366892363,0.00206713681467303,"NOT-LIVING"
"P4_HSN_Mystinet_60_150_20_petit_6kts_rep1_large Roscoff","badfocus<other",97,0.183018867924528,0.00558459495169373,0.00249608372561135,"NOT-LIVING"
"P4_HSN_Mystinet_60_150_20_petit_6kts_rep1_large Roscoff","copepod sp.",5,0.00943396226415094,0.0166132688355397,0.00742544630869249,"LIVING"
"P4_HSN_Mystinet_60_150_20_petit_6kts_rep1_large Roscoff","copepoda-cut",1,0.00188679245283019,0.000683032993989077,0.000305287591150125,"LIVING"
"P4_HSN_Mystinet_60_150_20_petit_6kts_rep1_large Roscoff","cut<artefact",3,0.00566037735849057,0.000787419237383237,0.000351943938757725,"NOT-LIVING"
"P4_HSN_Mystinet_60_150_20_petit_6kts_rep1_large Roscoff","detritus",124,0.233962264150943,0.0932542405536198,0.0416808012404804,"NOT-LIVING"
"P4_HSN_Mystinet_60_150_20_petit_6kts_rep1_large Roscoff","fecal pellets",6,0.0113207547169811,0.00126069146127045,0.000563477112792214,"NOT-LIVING"
"P4_HSN_Mystinet_60_150_20_petit_6kts_rep1_large Roscoff","molt",13,0.0245283018867925,0.0246665583270436,0.0110249347248189,"NOT-LIVING"
"P4_HSN_Mystinet_60_150_20_petit_6kts_rep1_large Roscoff","nauplii na",10,0.0188679245283019,0.0248535729692914,0.0111085225604639,"LIVING"
"P4_HSN_Mystinet_60_150_20_petit_6kts_rep1_large Roscoff","part<Crustacea",36,0.0679245283018868,0.05742954953613,0.025668641182804,"NOT-LIVING"
"P4_HSN_Mystinet_60_150_20_petit_6kts_rep1_large Roscoff","spherical",2,0.00377358490566038,0.000855305207938825,0.000382286169083622,"LIVING"
"P4_HSN_Mystinet_60_150_20_petit_6kts_rep1_large Roscoff","transparent",21,0.039622641509434,0.00585390176599695,0.00261645276977536,"NOT-LIVING"
"P4_HSN_Mystinet_60_150_20_petit_6kts_rep1_large Roscoff","unidentifiable",63,0.118867924528302,0.00686453747781843,0.00306816527079285,"LIVING"
"P4_HSN_Mystinet_60_150_20_petit_6kts_rep2_large Roscoff","Cerataulina",2,0.00399201596806387,0.000254511841346514,2.84390752890566e-05,"LIVING"
"P4_HSN_Mystinet_60_150_20_petit_6kts_rep2_large Roscoff","Chaetoceros<Mediophyceae",9,0.0179640718562874,0.00811481079183906,0.000906746475309803,"LIVING"
"P4_HSN_Mystinet_60_150_20_petit_6kts_rep2_large Roscoff","Dactyliosolen",8,0.0159680638722555,0.00105511192610089,0.000117897883831312,"LIVING"
"P4_HSN_Mystinet_60_150_20_petit_6kts_rep2_large Roscoff","Guinardia flaccida",3,0.00598802395209581,0.000779461616300518,8.70968025441293e-05,"LIVING"
"P4_HSN_Mystinet_60_150_20_petit_6kts_rep2_large Roscoff","Neoceratium",3,0.00598802395209581,0.000345997856952758,3.86616946845112e-05,"other"
"P4_HSN_Mystinet_60_150_20_petit_6kts_rep2_large Roscoff","Neoceratium fusus<Neoceratium",1,0.00199600798403194,7.45536455924597e-05,8.33060155024743e-06,"LIVING"
"P4_HSN_Mystinet_60_150_20_petit_6kts_rep2_large Roscoff","Paralia sulcata<Paralia",1,0.00199600798403194,0.00017943517111125,2.00500311252315e-05,"other"
"P4_HSN_Mystinet_60_150_20_petit_6kts_rep2_large Roscoff","Pseudo-Nitzschia chain",1,0.00199600798403194,2.31472344781014e-05,2.58646489913184e-06,"LIVING"
"P4_HSN_Mystinet_60_150_20_petit_6kts_rep2_large Roscoff","Rhizosolenia",161,0.321357285429142,0.0127637898655419,0.00142622197473962,"LIVING"
"P4_HSN_Mystinet_60_150_20_petit_6kts_rep2_large Roscoff","aggregates",4,0.00798403193612774,0.0181503620670598,0.00202811590461906,"NOT-LIVING"
"P4_HSN_Mystinet_60_150_20_petit_6kts_rep2_large Roscoff","artefact",16,0.031936127744511,0.00458069452335183,0.000511845404663942,"NOT-LIVING"
"P4_HSN_Mystinet_60_150_20_petit_6kts_rep2_large Roscoff","badfocus<artefact",15,0.029940119760479,0.00559195959553015,0.000624843854452049,"NOT-LIVING"
"P4_HSN_Mystinet_60_150_20_petit_6kts_rep2_large Roscoff","badfocus<other",95,0.189620758483034,0.00511861980152126,0.000571953010678701,"NOT-LIVING"
"P4_HSN_Mystinet_60_150_20_petit_6kts_rep2_large Roscoff","copepod sp.",2,0.00399201596806387,0.0322761057177282,0.00360652217864516,"LIVING"
"P4_HSN_Mystinet_60_150_20_petit_6kts_rep2_large Roscoff","cut<artefact",4,0.00798403193612774,0.000855088533634627,9.55473311504418e-05,"NOT-LIVING"
"P4_HSN_Mystinet_60_150_20_petit_6kts_rep2_large Roscoff","detritus",60,0.119760479041916,0.0345857276483434,0.00386459862658769,"NOT-LIVING"
"P4_HSN_Mystinet_60_150_20_petit_6kts_rep2_large Roscoff","fecal pellets",4,0.00798403193612774,0.00103400850251549,0.000115539793736066,"NOT-LIVING"
"P4_HSN_Mystinet_60_150_20_petit_6kts_rep2_large Roscoff","molt",4,0.00798403193612774,0.00453176805170266,0.000506378375689977,"NOT-LIVING"
"P4_HSN_Mystinet_60_150_20_petit_6kts_rep2_large Roscoff","nauplii na",9,0.0179640718562874,0.0243639276296242,0.00272241781965913,"LIVING"
"P4_HSN_Mystinet_60_150_20_petit_6kts_rep2_large Roscoff","part<Crustacea",19,0.0379241516966068,0.0234978720750459,0.00262564503694358,"NOT-LIVING"
"P4_HSN_Mystinet_60_150_20_petit_6kts_rep2_large Roscoff","rods",2,0.00399201596806387,0.00537360289215122,0.00060044474321852,"NOT-LIVING"
"P4_HSN_Mystinet_60_150_20_petit_6kts_rep2_large Roscoff","transparent",33,0.0658682634730539,0.00579741106830927,0.00064780093916646,"NOT-LIVING"
"P4_HSN_Mystinet_60_150_20_petit_6kts_rep2_large Roscoff","unidentifiable",45,0.0898203592814371,0.0037464761090153,0.000418630094259058,"LIVING"
"P4_HSN_Mystinet_60_150_20_petit_6kts_rep3_large Roscoff","Dactyliosolen",1,0.00188679245283019,4.08741856071536e-05,9.13453799014473e-06,"LIVING"
"P4_HSN_Mystinet_60_150_20_petit_6kts_rep3_large Roscoff","Guinardia flaccida",4,0.00754716981132075,0.0010903404600405,0.000243668618872464,"LIVING"
"P4_HSN_Mystinet_60_150_20_petit_6kts_rep3_large Roscoff","Helicotheca tamesis",1,0.00188679245283019,0.000391192904260029,8.74235508881405e-05,"LIVING"
"P4_HSN_Mystinet_60_150_20_petit_6kts_rep3_large Roscoff","Licmophora",1,0.00188679245283019,0.000171297026419166,3.82813546540937e-05,"LIVING"
"P4_HSN_Mystinet_60_150_20_petit_6kts_rep3_large Roscoff","Neoceratium",2,0.00377358490566038,0.000477562316008199,0.000106725334179501,"other"
"P4_HSN_Mystinet_60_150_20_petit_6kts_rep3_large Roscoff","Neoceratium fusus<Neoceratium",1,0.00188679245283019,0.000282939071346455,6.32310505449712e-05,"LIVING"
"P4_HSN_Mystinet_60_150_20_petit_6kts_rep3_large Roscoff","Pseudo-Nitzschia chain",7,0.0132075471698113,0.000751844372196141,0.000168021720273742,"LIVING"
"P4_HSN_Mystinet_60_150_20_petit_6kts_rep3_large Roscoff","Rhizosolenia",59,0.111320754716981,0.00547929514559792,0.00122450952656828,"LIVING"
"P4_HSN_Mystinet_60_150_20_petit_6kts_rep3_large Roscoff","aggregates",27,0.0509433962264151,0.0793891630017041,0.0177418415724457,"NOT-LIVING"
"P4_HSN_Mystinet_60_150_20_petit_6kts_rep3_large Roscoff","badfocus<artefact",13,0.0245283018867925,0.0110320730029482,0.00246544092459774,"NOT-LIVING"
"P4_HSN_Mystinet_60_150_20_petit_6kts_rep3_large Roscoff","badfocus<other",67,0.126415094339623,0.00589442648626396,0.00131728282457743,"NOT-LIVING"
"P4_HSN_Mystinet_60_150_20_petit_6kts_rep3_large Roscoff","broken",1,0.00188679245283019,0.00331453466455409,0.00074073017879828,"NOT-LIVING"
"P4_HSN_Mystinet_60_150_20_petit_6kts_rep3_large Roscoff","bubble",6,0.0113207547169811,0.00199164126548421,0.000445090771401729,"NOT-LIVING"
"P4_HSN_Mystinet_60_150_20_petit_6kts_rep3_large Roscoff","copepod sp.",10,0.0188679245283019,0.0519381145005283,0.0116070980496436,"LIVING"
"P4_HSN_Mystinet_60_150_20_petit_6kts_rep3_large Roscoff","copepoda-cut",1,0.00188679245283019,0.00108688275665207,0.000242895893434852,"LIVING"
"P4_HSN_Mystinet_60_150_20_petit_6kts_rep3_large Roscoff","detritus",117,0.220754716981132,0.156977508882231,0.0350812376365015,"NOT-LIVING"
"P4_HSN_Mystinet_60_150_20_petit_6kts_rep3_large Roscoff","fecal pellets",6,0.0113207547169811,0.00488924077883953,0.00109264453771669,"NOT-LIVING"
"P4_HSN_Mystinet_60_150_20_petit_6kts_rep3_large Roscoff","molt",31,0.0584905660377358,0.136131362580874,0.0304225536160293,"NOT-LIVING"
"P4_HSN_Mystinet_60_150_20_petit_6kts_rep3_large Roscoff","nauplii na",25,0.0471698113207547,0.107094813887609,0.0239334834804056,"LIVING"
"P4_HSN_Mystinet_60_150_20_petit_6kts_rep3_large Roscoff","part<Crustacea",83,0.156603773584906,0.162645204375636,0.0363478507575228,"NOT-LIVING"
"P4_HSN_Mystinet_60_150_20_petit_6kts_rep3_large Roscoff","spherical",4,0.00754716981132075,0.00424240121661579,0.000948089228127177,"LIVING"
"P4_HSN_Mystinet_60_150_20_petit_6kts_rep3_large Roscoff","transparent",24,0.0452830188679245,0.00502350984485541,0.00112265090643584,"NOT-LIVING"
"P4_HSN_Mystinet_60_150_20_petit_6kts_rep3_large Roscoff","unidentifiable",39,0.0735849056603774,0.00674824086998148,0.00150809274063444,"LIVING"
"P4_HSN_Mystinet_60_150_50_petit_6kts_rep1_large Roscoff","Cerataulina",1,0.00150375939849624,0.000146776417737886,1.64007520146093e-05,"LIVING"
"P4_HSN_Mystinet_60_150_50_petit_6kts_rep1_large Roscoff","Chaetoceros<Mediophyceae",2,0.00300751879699248,0.00068870784880496,7.69560043285454e-05,"LIVING"
"P4_HSN_Mystinet_60_150_50_petit_6kts_rep1_large Roscoff","Guinardia flaccida",3,0.00451127819548872,0.000946588240776124,0.000105771480433857,"LIVING"
"P4_HSN_Mystinet_60_150_50_petit_6kts_rep1_large Roscoff","Helicotheca tamesis",1,0.00150375939849624,0.000465332556382512,5.19961174906358e-05,"LIVING"
"P4_HSN_Mystinet_60_150_50_petit_6kts_rep1_large Roscoff","Licmophora",1,0.00150375939849624,0.000297099537103658,3.31978113840734e-05,"LIVING"
"P4_HSN_Mystinet_60_150_50_petit_6kts_rep1_large Roscoff","Neoceratium",3,0.00451127819548872,0.000319370767137707,3.56863918146234e-05,"other"
"P4_HSN_Mystinet_60_150_50_petit_6kts_rep1_large Roscoff","Pseudo-Nitzschia chain",4,0.00601503759398496,0.000239183236587146,2.67262616827365e-05,"LIVING"
"P4_HSN_Mystinet_60_150_50_petit_6kts_rep1_large Roscoff","Rhizosolenia",132,0.198496240601504,0.0175701543230033,0.00196328366880159,"LIVING"
"P4_HSN_Mystinet_60_150_50_petit_6kts_rep1_large Roscoff","aggregates",21,0.0315789473684211,0.214817608947216,0.024003653904446,"NOT-LIVING"
"P4_HSN_Mystinet_60_150_50_petit_6kts_rep1_large Roscoff","artefact",3,0.00451127819548872,6.3951521363286,0.714592343239557,"NOT-LIVING"
"P4_HSN_Mystinet_60_150_50_petit_6kts_rep1_large Roscoff","badfocus<artefact",16,0.0240601503759399,0.0108850193622625,0.00121628873347689,"NOT-LIVING"
"P4_HSN_Mystinet_60_150_50_petit_6kts_rep1_large Roscoff","badfocus<other",114,0.171428571428571,0.00578515263522919,0.000646431185604324,"NOT-LIVING"
"P4_HSN_Mystinet_60_150_50_petit_6kts_rep1_large Roscoff","bubble",1,0.00150375939849624,0.000285548649893888,3.19071187810255e-05,"NOT-LIVING"
"P4_HSN_Mystinet_60_150_50_petit_6kts_rep1_large Roscoff","copepod sp.",6,0.00902255639097744,0.0659102947585808,0.00736479617233676,"LIVING"
"P4_HSN_Mystinet_60_150_50_petit_6kts_rep1_large Roscoff","copepoda-cut",4,0.00601503759398496,0.0172308023035468,0.00192536457796575,"LIVING"
"P4_HSN_Mystinet_60_150_50_petit_6kts_rep1_large Roscoff","cut<artefact",7,0.0105263157894737,0.00290189824210074,0.00032425722179238,"NOT-LIVING"
"P4_HSN_Mystinet_60_150_50_petit_6kts_rep1_large Roscoff","detritus",109,0.16390977443609,0.090075126891512,0.0100649671221048,"NOT-LIVING"
"P4_HSN_Mystinet_60_150_50_petit_6kts_rep1_large Roscoff","fecal pellets",13,0.0195488721804511,0.0100004211656732,0.0011174440016158,"NOT-LIVING"
"P4_HSN_Mystinet_60_150_50_petit_6kts_rep1_large Roscoff","molt",44,0.0661654135338346,0.215334999711085,0.024061466990115,"NOT-LIVING"
"P4_HSN_Mystinet_60_150_50_petit_6kts_rep1_large Roscoff","nauplii na",26,0.0390977443609023,0.110794699475186,0.0123801658238499,"LIVING"
"P4_HSN_Mystinet_60_150_50_petit_6kts_rep1_large Roscoff","part<Crustacea",71,0.106766917293233,0.119242394327669,0.0133241086622565,"NOT-LIVING"
"P4_HSN_Mystinet_60_150_50_petit_6kts_rep1_large Roscoff","rods",2,0.00300751879699248,0.000239196882798385,2.67277865062056e-05,"NOT-LIVING"
"P4_HSN_Mystinet_60_150_50_petit_6kts_rep1_large Roscoff","spherical",1,0.00150375939849624,0.00058446976190685,6.53084723881885e-05,"LIVING"
"P4_HSN_Mystinet_60_150_50_petit_6kts_rep1_large Roscoff","transparent",22,0.0330827067669173,0.00440532951499687,0.00049225017227991,"NOT-LIVING"
"P4_HSN_Mystinet_60_150_50_petit_6kts_rep1_large Roscoff","unidentifiable",58,0.087218045112782,0.00525270666872233,0.00058693583619845,"LIVING"
"P4_HSN_Mystinet_60_150_50_petit_6kts_rep2_large Roscoff","Chaetoceros<Mediophyceae",3,0.0050761421319797,0.000733978220178695,0.000164029003552494,"LIVING"
"P4_HSN_Mystinet_60_150_50_petit_6kts_rep2_large Roscoff","Delphineis",2,0.00338409475465313,0.00111212514750856,0.000248537047498612,"LIVING"
"P4_HSN_Mystinet_60_150_50_petit_6kts_rep2_large Roscoff","Guinardia flaccida",4,0.00676818950930626,0.00127173452036862,0.000284206452486544,"LIVING"
"P4_HSN_Mystinet_60_150_50_petit_6kts_rep2_large Roscoff","Neoceratium",3,0.0050761421319797,0.00173917752576584,0.00038867032932232,"other"
"P4_HSN_Mystinet_60_150_50_petit_6kts_rep2_large Roscoff","Neoceratium fusus<Neoceratium",1,0.00169204737732657,0.000211516908604817,4.72696693159442e-05,"LIVING"
"P4_HSN_Mystinet_60_150_50_petit_6kts_rep2_large Roscoff","Paralia sulcata<Paralia",1,0.00169204737732657,0.000155798778543874,3.48178157017051e-05,"other"
"P4_HSN_Mystinet_60_150_50_petit_6kts_rep2_large Roscoff","Pleurosigma",1,0.00169204737732657,7.72823208119781e-05,1.72710057689814e-05,"LIVING"
"P4_HSN_Mystinet_60_150_50_petit_6kts_rep2_large Roscoff","Pseudo-Nitzschia chain",7,0.011844331641286,0.00046879735101318,0.000104766545165359,"LIVING"
"P4_HSN_Mystinet_60_150_50_petit_6kts_rep2_large Roscoff","Rhizosolenia",115,0.194585448392555,0.0297304073264885,0.006644133238431,"LIVING"
"P4_HSN_Mystinet_60_150_50_petit_6kts_rep2_large Roscoff","Rotifera",1,0.00169204737732657,0.00122852403564896,0.000274549799800228,"LIVING"
"P4_HSN_Mystinet_60_150_50_petit_6kts_rep2_large Roscoff","aggregates",11,0.0186125211505922,0.0545322450215712,0.0121868327512376,"NOT-LIVING"
"P4_HSN_Mystinet_60_150_50_petit_6kts_rep2_large Roscoff","badfocus<artefact",17,0.0287648054145516,0.00984406700702039,0.00219994607152297,"NOT-LIVING"
"P4_HSN_Mystinet_60_150_50_petit_6kts_rep2_large Roscoff","badfocus<other",115,0.194585448392555,0.0104223298529167,0.00232917589850708,"NOT-LIVING"
"P4_HSN_Mystinet_60_150_50_petit_6kts_rep2_large Roscoff","broken",1,0.00169204737732657,0.00769479635671947,0.00171962838164976,"NOT-LIVING"
"P4_HSN_Mystinet_60_150_50_petit_6kts_rep2_large Roscoff","bubble",2,0.00338409475465313,0.000573486058672441,0.000128162313498057,"NOT-LIVING"
"P4_HSN_Mystinet_60_150_50_petit_6kts_rep2_large Roscoff","copepod sp.",9,0.0152284263959391,0.0681047770989628,0.0152200139153828,"LIVING"
"P4_HSN_Mystinet_60_150_50_petit_6kts_rep2_large Roscoff","copepoda-cut",2,0.00338409475465313,0.0159108531647186,0.00355574773001227,"LIVING"
"P4_HSN_Mystinet_60_150_50_petit_6kts_rep2_large Roscoff","cut<artefact",2,0.00338409475465313,0.000555157577586752,0.00012406627575952,"NOT-LIVING"
"P4_HSN_Mystinet_60_150_50_petit_6kts_rep2_large Roscoff","detritus",67,0.11336717428088,0.0741342278535823,0.0165674718808361,"NOT-LIVING"
"P4_HSN_Mystinet_60_150_50_petit_6kts_rep2_large Roscoff","fecal pellets",7,0.011844331641286,0.00306653653214867,0.000685307707908835,"NOT-LIVING"
"P4_HSN_Mystinet_60_150_50_petit_6kts_rep2_large Roscoff","molt",27,0.0456852791878173,0.0889512892614773,0.0198787796982826,"NOT-LIVING"
"P4_HSN_Mystinet_60_150_50_petit_6kts_rep2_large Roscoff","nauplii na",28,0.0473773265651438,0.130775535768105,0.029225636716936,"LIVING"
"P4_HSN_Mystinet_60_150_50_petit_6kts_rep2_large Roscoff","part<Crustacea",68,0.115059221658206,0.0938709959091301,0.0209782327297208,"NOT-LIVING"
"P4_HSN_Mystinet_60_150_50_petit_6kts_rep2_large Roscoff","rods",1,0.00169204737732657,9.48337577975597e-05,2.119339016747e-05,"NOT-LIVING"
"P4_HSN_Mystinet_60_150_50_petit_6kts_rep2_large Roscoff","transparent",35,0.0592216582064298,0.00760000403972232,0.00169844425264701,"NOT-LIVING"
"P4_HSN_Mystinet_60_150_50_petit_6kts_rep2_large Roscoff","unidentifiable",60,0.101522842639594,0.00731621061628075,0.00163502227201856,"LIVING"
"P4_HSN_Mystinet_60_150_50_petit_6kts_rep2_large Roscoff","veliger",1,0.00169204737732657,0.00303067930180162,0.000677294356010536,"LIVING"
"P4_HSN_Mystinet_60_150_50_petit_6kts_rep3_large Roscoff","Delphineis",1,0.00303951367781155,0.000668415569526831,0.00014937710250008,"LIVING"
"P4_HSN_Mystinet_60_150_50_petit_6kts_rep3_large Roscoff","Dissoconium",1,0.00303951367781155,0.000993937539214164,0.000222124553111433,"LIVING"
"P4_HSN_Mystinet_60_150_50_petit_6kts_rep3_large Roscoff","Guinardia flaccida",6,0.0182370820668693,0.00133911299980414,0.000299264153844494,"LIVING"
"P4_HSN_Mystinet_60_150_50_petit_6kts_rep3_large Roscoff","Neoceratium",3,0.00911854103343465,0.00214614869382694,0.00047961999695061,"other"
"P4_HSN_Mystinet_60_150_50_petit_6kts_rep3_large Roscoff","Neoceratium fusus<Neoceratium",4,0.0121580547112462,0.00161895811259289,0.000361803768424063,"LIVING"
"P4_HSN_Mystinet_60_150_50_petit_6kts_rep3_large Roscoff","Pleurosigma",6,0.0182370820668693,0.000660871059633916,0.000147691060045407,"LIVING"
"P4_HSN_Mystinet_60_150_50_petit_6kts_rep3_large Roscoff","Rhizosolenia",38,0.115501519756839,0.00241045580292596,0.000538687187972706,"LIVING"
"P4_HSN_Mystinet_60_150_50_petit_6kts_rep3_large Roscoff","aggregates",15,0.0455927051671733,0.0824885348931447,0.0184344873063584,"NOT-LIVING"
"P4_HSN_Mystinet_60_150_50_petit_6kts_rep3_large Roscoff","badfocus<artefact",2,0.0060790273556231,0.00136211122558343,0.000304403783269919,"NOT-LIVING"
"P4_HSN_Mystinet_60_150_50_petit_6kts_rep3_large Roscoff","badfocus<other",43,0.130699088145897,0.00424506725486881,0.000948685032724716,"NOT-LIVING"
"P4_HSN_Mystinet_60_150_50_petit_6kts_rep3_large Roscoff","bubble",4,0.0121580547112462,0.00144364349297041,0.000322624564499103,"NOT-LIVING"
"P4_HSN_Mystinet_60_150_50_petit_6kts_rep3_large Roscoff","copepod sp.",4,0.0121580547112462,0.166100590766523,0.0371200583939401,"LIVING"
"P4_HSN_Mystinet_60_150_50_petit_6kts_rep3_large Roscoff","copepoda-cut",1,0.00303951367781155,0.00424121152763801,0.000947823357162346,"LIVING"
"P4_HSN_Mystinet_60_150_50_petit_6kts_rep3_large Roscoff","detritus",81,0.246200607902736,0.0618667103176088,0.0138259345679189,"NOT-LIVING"
"P4_HSN_Mystinet_60_150_50_petit_6kts_rep3_large Roscoff","fecal pellets",11,0.033434650455927,0.00308969380162052,0.000690482880321361,"NOT-LIVING"
"P4_HSN_Mystinet_60_150_50_petit_6kts_rep3_large Roscoff","molt",14,0.0425531914893617,0.0544764218663252,0.0121743574266593,"NOT-LIVING"
"P4_HSN_Mystinet_60_150_50_petit_6kts_rep3_large Roscoff","nauplii na",7,0.0212765957446809,0.0226524322318739,0.00506235169502723,"LIVING"
"P4_HSN_Mystinet_60_150_50_petit_6kts_rep3_large Roscoff","part<Crustacea",45,0.13677811550152,0.0743153731700087,0.0166079541253152,"NOT-LIVING"
"P4_HSN_Mystinet_60_150_50_petit_6kts_rep3_large Roscoff","rods",1,0.00303951367781155,0.000246348690954079,5.50538547231294e-05,"NOT-LIVING"
"P4_HSN_Mystinet_60_150_50_petit_6kts_rep3_large Roscoff","transparent",18,0.0547112462006079,0.00664632740278826,0.00148531718134303,"NOT-LIVING"
"P4_HSN_Mystinet_60_150_50_petit_6kts_rep3_large Roscoff","unidentifiable",24,0.0729483282674772,0.0010574944998928,0.000236328223795835,"LIVING"
"P5_HSN_Coryphaenae_40_100_50_grand_grande_6kts_rep1_large Roscoff","Cerataulina",1,0.00261096605744125,0.000362896178971712,0.000182404912695894,"LIVING"
"P5_HSN_Coryphaenae_40_100_50_grand_grande_6kts_rep1_large Roscoff","Chaetoceros<Mediophyceae",15,0.0391644908616188,0.00595693263849952,0.00299417255078214,"LIVING"
"P5_HSN_Coryphaenae_40_100_50_grand_grande_6kts_rep1_large Roscoff","Dactyliosolen",1,0.00261096605744125,0.003640168272336,0.0018296819156246,"LIVING"
"P5_HSN_Coryphaenae_40_100_50_grand_grande_6kts_rep1_large Roscoff","Delphineis",1,0.00261096605744125,0.000291268035557417,0.000146401984026116,"LIVING"
"P5_HSN_Coryphaenae_40_100_50_grand_grande_6kts_rep1_large Roscoff","Guinardia delicatula",89,0.232375979112272,0.0115342859020353,0.00579755460344547,"LIVING"
"P5_HSN_Coryphaenae_40_100_50_grand_grande_6kts_rep1_large Roscoff","Guinardia flaccida",1,0.00261096605744125,0.000271850853188454,0.000136642196902298,"LIVING"
"P5_HSN_Coryphaenae_40_100_50_grand_grande_6kts_rep1_large Roscoff","Neoceratium",1,0.00261096605744125,0.00011814083980652,5.93819136696055e-05,"other"
"P5_HSN_Coryphaenae_40_100_50_grand_grande_6kts_rep1_large Roscoff","Pleurosigma",1,0.00261096605744125,0.000186737075518977,9.38608944675071e-05,"LIVING"
"P5_HSN_Coryphaenae_40_100_50_grand_grande_6kts_rep1_large Roscoff","Protoperidinium",1,0.00261096605744125,0.000292961678027556,0.000147253270770934,"LIVING"
"P5_HSN_Coryphaenae_40_100_50_grand_grande_6kts_rep1_large Roscoff","Rhizosolenia",21,0.0548302872062663,0.00101332085055378,0.000509332178150597,"LIVING"
"P5_HSN_Coryphaenae_40_100_50_grand_grande_6kts_rep1_large Roscoff","aggregates",3,0.00783289817232376,0.00374611531985001,0.00188293478262072,"NOT-LIVING"
"P5_HSN_Coryphaenae_40_100_50_grand_grande_6kts_rep1_large Roscoff","badfocus<artefact",1,0.00261096605744125,5.17767180132309e-05,2.60248750913949e-05,"NOT-LIVING"
"P5_HSN_Coryphaenae_40_100_50_grand_grande_6kts_rep1_large Roscoff","badfocus<other",105,0.274151436031332,0.0118345622270324,0.00594848448372401,"NOT-LIVING"
"P5_HSN_Coryphaenae_40_100_50_grand_grande_6kts_rep1_large Roscoff","bubble",1,0.00261096605744125,0.000273083252674534,0.00013726164602767,"NOT-LIVING"
"P5_HSN_Coryphaenae_40_100_50_grand_grande_6kts_rep1_large Roscoff","copepod sp.",6,0.0156657963446475,0.16485805686731,0.0828636982491911,"LIVING"
"P5_HSN_Coryphaenae_40_100_50_grand_grande_6kts_rep1_large Roscoff","copepoda-cut",5,0.0130548302872063,0.035893520786487,0.018041398352441,"LIVING"
"P5_HSN_Coryphaenae_40_100_50_grand_grande_6kts_rep1_large Roscoff","cut<artefact",1,0.00261096605744125,0.000285388630400199,0.000143446779627312,"NOT-LIVING"
"P5_HSN_Coryphaenae_40_100_50_grand_grande_6kts_rep1_large Roscoff","cyst<Dinophyceae",1,0.00261096605744125,0.000675787342020977,0.000339675472669926,"NOT-LIVING"
"P5_HSN_Coryphaenae_40_100_50_grand_grande_6kts_rep1_large Roscoff","detritus",45,0.117493472584856,0.0481801884602565,0.0242171275946387,"NOT-LIVING"
"P5_HSN_Coryphaenae_40_100_50_grand_grande_6kts_rep1_large Roscoff","fecal pellets",2,0.00522193211488251,0.00156222906824121,0.000785233555258067,"NOT-LIVING"
"P5_HSN_Coryphaenae_40_100_50_grand_grande_6kts_rep1_large Roscoff","molt",24,0.0626631853785901,0.134905314177011,0.0678083525828139,"NOT-LIVING"
"P5_HSN_Coryphaenae_40_100_50_grand_grande_6kts_rep1_large Roscoff","nauplii na",32,0.0835509138381201,0.132909532455529,0.0668051995826955,"LIVING"
"P5_HSN_Coryphaenae_40_100_50_grand_grande_6kts_rep1_large Roscoff","part<Crustacea",10,0.0261096605744125,0.0130997368981196,0.00658440761765901,"NOT-LIVING"
"P5_HSN_Coryphaenae_40_100_50_grand_grande_6kts_rep1_large Roscoff","spherical",1,0.00261096605744125,0.000447963547254384,0.000225162888072867,"LIVING"
"P5_HSN_Coryphaenae_40_100_50_grand_grande_6kts_rep1_large Roscoff","transparent",6,0.0156657963446475,0.000451474261663304,0.000226927501734752,"NOT-LIVING"
"P5_HSN_Coryphaenae_40_100_50_grand_grande_6kts_rep1_large Roscoff","unidentifiable",8,0.02088772845953,0.000317018134653841,0.000159344927076393,"LIVING"
"P5_HSN_Coryphaenae_40_100_50_grand_grande_6kts_rep2_large Roscoff","Chaetoceros<Mediophyceae",7,0.0148305084745763,0.0046654496922076,0.00234502591403848,"LIVING"
"P5_HSN_Coryphaenae_40_100_50_grand_grande_6kts_rep2_large Roscoff","Dactyliosolen",1,0.00211864406779661,0.00430385595135725,0.00216327565445161,"LIVING"
"P5_HSN_Coryphaenae_40_100_50_grand_grande_6kts_rep2_large Roscoff","Guinardia delicatula",58,0.122881355932203,0.00635709510641347,0.00319530886539103,"LIVING"
"P5_HSN_Coryphaenae_40_100_50_grand_grande_6kts_rep2_large Roscoff","Helicotheca tamesis",1,0.00211864406779661,0.000431712982988506,0.000216994759203129,"LIVING"
"P5_HSN_Coryphaenae_40_100_50_grand_grande_6kts_rep2_large Roscoff","Pseudo-Nitzschia chain",1,0.00211864406779661,0.000107472614199679,5.40196726949281e-05,"LIVING"
"P5_HSN_Coryphaenae_40_100_50_grand_grande_6kts_rep2_large Roscoff","Rhizosolenia",49,0.103813559322034,0.0114932726676689,0.00577693984950904,"LIVING"
"P5_HSN_Coryphaenae_40_100_50_grand_grande_6kts_rep2_large Roscoff","aggregates",4,0.00847457627118644,0.00790447698789202,0.00397307968071919,"NOT-LIVING"
"P5_HSN_Coryphaenae_40_100_50_grand_grande_6kts_rep2_large Roscoff","badfocus<artefact",4,0.00847457627118644,0.00372745957320303,0.0018735577209827,"NOT-LIVING"
"P5_HSN_Coryphaenae_40_100_50_grand_grande_6kts_rep2_large Roscoff","badfocus<other",221,0.468220338983051,0.024606215860068,0.0123679854344288,"NOT-LIVING"
"P5_HSN_Coryphaenae_40_100_50_grand_grande_6kts_rep2_large Roscoff","bubble",2,0.00423728813559322,0.0026066350223644,0.00131019024513206,"NOT-LIVING"
"P5_HSN_Coryphaenae_40_100_50_grand_grande_6kts_rep2_large Roscoff","copepod sp.",6,0.0127118644067797,0.105141736491309,0.0528480881769955,"LIVING"
"P5_HSN_Coryphaenae_40_100_50_grand_grande_6kts_rep2_large Roscoff","copepoda-cut",4,0.00847457627118644,0.0060038287870527,0.00301774427288419,"LIVING"
"P5_HSN_Coryphaenae_40_100_50_grand_grande_6kts_rep2_large Roscoff","dark<detritus",1,0.00211864406779661,0.000498369242841171,0.000250498637071206,"NOT-LIVING"
"P5_HSN_Coryphaenae_40_100_50_grand_grande_6kts_rep2_large Roscoff","detritus",55,0.116525423728814,0.0638570457258883,0.0320968903107583,"NOT-LIVING"
"P5_HSN_Coryphaenae_40_100_50_grand_grande_6kts_rep2_large Roscoff","fecal pellets",4,0.00847457627118644,0.00217949891761093,0.00109549599258417,"NOT-LIVING"
"P5_HSN_Coryphaenae_40_100_50_grand_grande_6kts_rep2_large Roscoff","molt",9,0.0190677966101695,0.0537456034405158,0.0270145090288195,"NOT-LIVING"
"P5_HSN_Coryphaenae_40_100_50_grand_grande_6kts_rep2_large Roscoff","nauplii na",22,0.0466101694915254,0.0798117843778744,0.040116326390652,"LIVING"
"P5_HSN_Coryphaenae_40_100_50_grand_grande_6kts_rep2_large Roscoff","part<Crustacea",7,0.0148305084745763,0.0107786028066602,0.00541772059850159,"NOT-LIVING"
"P5_HSN_Coryphaenae_40_100_50_grand_grande_6kts_rep2_large Roscoff","rods",1,0.00211864406779661,0.000132175365833623,6.64361805454809e-05,"NOT-LIVING"
"P5_HSN_Coryphaenae_40_100_50_grand_grande_6kts_rep2_large Roscoff","transparent",7,0.0148305084745763,0.00140630140997287,0.00070685860247156,"NOT-LIVING"
"P5_HSN_Coryphaenae_40_100_50_grand_grande_6kts_rep2_large Roscoff","unidentifiable",7,0.0148305084745763,0.000292803528175995,0.000147173778862398,"LIVING"
"P5_HSN_Coryphaenae_40_100_50_grand_grande_6kts_rep2_large Roscoff","veliger",1,0.00211864406779661,0.00379854071527617,0.00190928570674137,"LIVING"
"P5_HSN_Coryphaenae_40_100_50_grand_grande_6kts_rep3_large Roscoff","Chaetoceros<Mediophyceae",12,0.0212014134275618,0.00600291104510269,0.00301728298216257,"LIVING"
"P5_HSN_Coryphaenae_40_100_50_grand_grande_6kts_rep3_large Roscoff","Guinardia delicatula",59,0.104240282685512,0.00549827519558515,0.00276363451902558,"LIVING"
"P5_HSN_Coryphaenae_40_100_50_grand_grande_6kts_rep3_large Roscoff","Helicotheca tamesis",1,0.00176678445229682,0.000283297400521397,0.000142395650886991,"LIVING"
"P5_HSN_Coryphaenae_40_100_50_grand_grande_6kts_rep3_large Roscoff","Rhizosolenia",70,0.123674911660777,0.00441886088155195,0.00222108134507972,"LIVING"
"P5_HSN_Coryphaenae_40_100_50_grand_grande_6kts_rep3_large Roscoff","aggregates",3,0.00530035335689046,0.00187384759764238,0.000941864442943093,"NOT-LIVING"
"P5_HSN_Coryphaenae_40_100_50_grand_grande_6kts_rep3_large Roscoff","artefact",6,0.0106007067137809,0.0122119444502236,0.00613817061287873,"NOT-LIVING"
"P5_HSN_Coryphaenae_40_100_50_grand_grande_6kts_rep3_large Roscoff","badfocus<artefact",5,0.0088339222614841,0.0039262518150179,0.00197347798361982,"NOT-LIVING"
"P5_HSN_Coryphaenae_40_100_50_grand_grande_6kts_rep3_large Roscoff","badfocus<other",231,0.408127208480565,0.0482857678028301,0.0242701956396625,"NOT-LIVING"
"P5_HSN_Coryphaenae_40_100_50_grand_grande_6kts_rep3_large Roscoff","bubble",26,0.0459363957597173,13.7670639880501,6.9198306577232,"NOT-LIVING"
"P5_HSN_Coryphaenae_40_100_50_grand_grande_6kts_rep3_large Roscoff","copepod sp.",2,0.00353356890459364,0.144896204880519,0.0728301402238175,"LIVING"
"P5_HSN_Coryphaenae_40_100_50_grand_grande_6kts_rep3_large Roscoff","copepoda-cut",4,0.00706713780918728,0.0079149180879284,0.00397832776006238,"LIVING"
"P5_HSN_Coryphaenae_40_100_50_grand_grande_6kts_rep3_large Roscoff","detritus",61,0.107773851590106,0.0541730824270204,0.0272293756262955,"NOT-LIVING"
"P5_HSN_Coryphaenae_40_100_50_grand_grande_6kts_rep3_large Roscoff","fecal pellets",5,0.0088339222614841,0.00220883399063458,0.0011102408748504,"NOT-LIVING"
"P5_HSN_Coryphaenae_40_100_50_grand_grande_6kts_rep3_large Roscoff","molt",15,0.0265017667844523,0.0677329669097842,0.0340450702755294,"NOT-LIVING"
"P5_HSN_Coryphaenae_40_100_50_grand_grande_6kts_rep3_large Roscoff","nauplii na",15,0.0265017667844523,0.05390628466948,0.0270952733003644,"LIVING"
"P5_HSN_Coryphaenae_40_100_50_grand_grande_6kts_rep3_large Roscoff","part<Crustacea",7,0.0123674911660777,0.0156377202998833,0.00786009104351952,"NOT-LIVING"
"P5_HSN_Coryphaenae_40_100_50_grand_grande_6kts_rep3_large Roscoff","rods",1,0.00176678445229682,0.000354191324974115,0.000178029534211718,"NOT-LIVING"
"P5_HSN_Coryphaenae_40_100_50_grand_grande_6kts_rep3_large Roscoff","transparent",27,0.0477031802120141,0.0163703582550849,0.00822834171685236,"NOT-LIVING"
"P5_HSN_Coryphaenae_40_100_50_grand_grande_6kts_rep3_large Roscoff","unidentifiable",16,0.0282685512367491,0.00109317304196352,0.000549468814595604,"LIVING"
"P5_HSN_Coryphaenae_40_100_50_petit_6kts_rep1_large Roscoff","Chaetoceros<Mediophyceae",14,0.0268199233716475,0.00547879680615113,0.0027538439669888,"LIVING"
"P5_HSN_Coryphaenae_40_100_50_petit_6kts_rep1_large Roscoff","Dactyliosolen",1,0.00191570881226054,0.000363317826559904,0.000182616848218969,"LIVING"
"P5_HSN_Coryphaenae_40_100_50_petit_6kts_rep1_large Roscoff","Guinardia delicatula",55,0.10536398467433,0.0125849938389224,0.00632567890070274,"LIVING"
"P5_HSN_Coryphaenae_40_100_50_petit_6kts_rep1_large Roscoff","Guinardia flaccida",1,0.00191570881226054,0.000447607087614667,0.000224983718400575,"LIVING"
"P5_HSN_Coryphaenae_40_100_50_petit_6kts_rep1_large Roscoff","Helicotheca tamesis",1,0.00191570881226054,0.000411021423046098,0.000206594423229542,"LIVING"
"P5_HSN_Coryphaenae_40_100_50_petit_6kts_rep1_large Roscoff","Rhizosolenia",72,0.137931034482759,0.00865249029007481,0.00434905856665465,"LIVING"
"P5_HSN_Coryphaenae_40_100_50_petit_6kts_rep1_large Roscoff","aggregates",1,0.00191570881226054,0.00142151011138385,0.000714503052906251,"NOT-LIVING"
"P5_HSN_Coryphaenae_40_100_50_petit_6kts_rep1_large Roscoff","badfocus<artefact",2,0.00383141762452107,5.73831007519059e-05,2.88428484216335e-05,"NOT-LIVING"
"P5_HSN_Coryphaenae_40_100_50_petit_6kts_rep1_large Roscoff","badfocus<other",264,0.505747126436782,0.0311696295784434,0.0156669975917892,"NOT-LIVING"
"P5_HSN_Coryphaenae_40_100_50_petit_6kts_rep1_large Roscoff","copepod sp.",2,0.00383141762452107,0.109690842831233,0.0551346356604366,"LIVING"
"P5_HSN_Coryphaenae_40_100_50_petit_6kts_rep1_large Roscoff","detritus",47,0.0900383141762452,0.0513922831979196,0.0258316440710992,"NOT-LIVING"
"P5_HSN_Coryphaenae_40_100_50_petit_6kts_rep1_large Roscoff","fecal pellets",4,0.00766283524904215,0.000909794441727743,0.000457296012828766,"NOT-LIVING"
"P5_HSN_Coryphaenae_40_100_50_petit_6kts_rep1_large Roscoff","molt",4,0.00766283524904215,0.00452653166588238,0.00227520062534148,"NOT-LIVING"
"P5_HSN_Coryphaenae_40_100_50_petit_6kts_rep1_large Roscoff","nauplii na",13,0.024904214559387,0.0392034178371071,0.0197050738539619,"LIVING"
"P5_HSN_Coryphaenae_40_100_50_petit_6kts_rep1_large Roscoff","part<Crustacea",11,0.0210727969348659,0.0236908847599835,0.0119079064942983,"NOT-LIVING"
"P5_HSN_Coryphaenae_40_100_50_petit_6kts_rep1_large Roscoff","transparent",4,0.00766283524904215,0.0021991338694358,0.00110536523861357,"NOT-LIVING"
"P5_HSN_Coryphaenae_40_100_50_petit_6kts_rep1_large Roscoff","unidentifiable",26,0.0498084291187739,0.00406668683558275,0.00204406576919024,"LIVING"
"P5_HSN_Coryphaenae_40_100_50_petit_6kts_rep2_large Roscoff","Chaetoceros<Mediophyceae",10,0.0127877237851662,0.00324793290992152,0.00163253005461525,"LIVING"
"P5_HSN_Coryphaenae_40_100_50_petit_6kts_rep2_large Roscoff","Delphineis",1,0.00127877237851662,9.30887096481889e-05,4.6789795374712e-05,"LIVING"
"P5_HSN_Coryphaenae_40_100_50_petit_6kts_rep2_large Roscoff","Guinardia delicatula",22,0.0281329923273657,0.00260810724826585,0.00131093023979881,"LIVING"
"P5_HSN_Coryphaenae_40_100_50_petit_6kts_rep2_large Roscoff","Helicotheca tamesis",2,0.00255754475703325,0.000907446402332745,0.00045611580221849,"LIVING"
"P5_HSN_Coryphaenae_40_100_50_petit_6kts_rep2_large Roscoff","Neoceratium",1,0.00127877237851662,0.00300864719121534,0.00151225628718774,"other"
"P5_HSN_Coryphaenae_40_100_50_petit_6kts_rep2_large Roscoff","Rhizosolenia",91,0.116368286445013,0.00627212804239571,0.00315260130661182,"LIVING"
"P5_HSN_Coryphaenae_40_100_50_petit_6kts_rep2_large Roscoff","aggregates",122,0.156010230179028,1.11430421117684,0.560090114291951,"NOT-LIVING"
"P5_HSN_Coryphaenae_40_100_50_petit_6kts_rep2_large Roscoff","badfocus<other",394,0.50383631713555,0.0489283293639652,0.0245931706177752,"NOT-LIVING"
"P5_HSN_Coryphaenae_40_100_50_petit_6kts_rep2_large Roscoff","bubble",1,0.00127877237851662,3.93693599640871e-05,1.978848244556e-05,"NOT-LIVING"
"P5_HSN_Coryphaenae_40_100_50_petit_6kts_rep2_large Roscoff","copepod sp.",3,0.00383631713554987,0.0430814098163707,0.0216542946763395,"LIVING"
"P5_HSN_Coryphaenae_40_100_50_petit_6kts_rep2_large Roscoff","copepoda-cut",3,0.00383631713554987,0.0181939593433817,0.00914495042363308,"LIVING"
"P5_HSN_Coryphaenae_40_100_50_petit_6kts_rep2_large Roscoff","detritus",77,0.0984654731457801,0.142476738817252,0.0716140279536596,"NOT-LIVING"
"P5_HSN_Coryphaenae_40_100_50_petit_6kts_rep2_large Roscoff","fecal pellets",5,0.00639386189258312,0.00207994793264681,0.00104545802091793,"NOT-LIVING"
"P5_HSN_Coryphaenae_40_100_50_petit_6kts_rep2_large Roscoff","molt",14,0.0179028132992327,0.0564217091057104,0.028359617763797,"NOT-LIVING"
"P5_HSN_Coryphaenae_40_100_50_petit_6kts_rep2_large Roscoff","nauplii na",17,0.0217391304347826,0.057150338937235,0.0287258538073493,"LIVING"
"P5_HSN_Coryphaenae_40_100_50_petit_6kts_rep2_large Roscoff","part<Crustacea",5,0.00639386189258312,0.0204346868393326,0.0102712221425372,"NOT-LIVING"
"P5_HSN_Coryphaenae_40_100_50_petit_6kts_rep2_large Roscoff","rods",1,0.00127877237851662,0.000290377578643364,0.000145954407763044,"NOT-LIVING"
"P5_HSN_Coryphaenae_40_100_50_petit_6kts_rep2_large Roscoff","spherical",1,0.00127877237851662,0.000547507587676072,0.000275197369157689,"LIVING"
"P5_HSN_Coryphaenae_40_100_50_petit_6kts_rep2_large Roscoff","transparent",1,0.00127877237851662,4.87236806411227e-05,2.44903066732466e-05,"NOT-LIVING"
"P5_HSN_Coryphaenae_40_100_50_petit_6kts_rep2_large Roscoff","unidentifiable",11,0.0140664961636829,0.000646436614674737,0.000324922721967723,"LIVING"
"P5_HSN_Coryphaenae_40_100_50_petit_6kts_rep3_large Roscoff","Chaetoceros<Mediophyceae",12,0.025531914893617,0.00619728267399169,0.00311498128281297,"LIVING"
"P5_HSN_Coryphaenae_40_100_50_petit_6kts_rep3_large Roscoff","Guinardia delicatula",10,0.0212765957446809,0.00138200248204074,0.00069464507120589,"LIVING"
"P5_HSN_Coryphaenae_40_100_50_petit_6kts_rep3_large Roscoff","Guinardia flaccida",1,0.00212765957446809,0.000169177419627758,8.50347681939168e-05,"LIVING"
"P5_HSN_Coryphaenae_40_100_50_petit_6kts_rep3_large Roscoff","Helicotheca tamesis",1,0.00212765957446809,0.000287073914544454,0.00014429386517137,"LIVING"
"P5_HSN_Coryphaenae_40_100_50_petit_6kts_rep3_large Roscoff","Rhizosolenia",46,0.0978723404255319,0.00298765384240893,0.00150170426107637,"LIVING"
"P5_HSN_Coryphaenae_40_100_50_petit_6kts_rep3_large Roscoff","aggregates",11,0.0234042553191489,0.0561639611706371,0.0282300642101393,"NOT-LIVING"
"P5_HSN_Coryphaenae_40_100_50_petit_6kts_rep3_large Roscoff","badfocus<other",241,0.512765957446809,0.0489187051942375,0.0245883331575299,"NOT-LIVING"
"P5_HSN_Coryphaenae_40_100_50_petit_6kts_rep3_large Roscoff","copepod sp.",2,0.00425531914893617,0.0203926158735867,0.010250075734064,"LIVING"
"P5_HSN_Coryphaenae_40_100_50_petit_6kts_rep3_large Roscoff","dark<detritus",1,0.00212765957446809,0.000628408372288291,0.000315861066956975,"NOT-LIVING"
"P5_HSN_Coryphaenae_40_100_50_petit_6kts_rep3_large Roscoff","detritus",102,0.217021276595745,0.127484870812012,0.0640785659314559,"NOT-LIVING"
"P5_HSN_Coryphaenae_40_100_50_petit_6kts_rep3_large Roscoff","fecal pellets",2,0.00425531914893617,0.00143433941883775,0.000720951532779222,"NOT-LIVING"
"P5_HSN_Coryphaenae_40_100_50_petit_6kts_rep3_large Roscoff","molt",6,0.0127659574468085,0.0137793587134929,0.00692601043709525,"NOT-LIVING"
"P5_HSN_Coryphaenae_40_100_50_petit_6kts_rep3_large Roscoff","nauplii na",20,0.0425531914893617,0.0818897703643429,0.0411607982655532,"LIVING"
"P5_HSN_Coryphaenae_40_100_50_petit_6kts_rep3_large Roscoff","part<Crustacea",2,0.00425531914893617,0.00284939105488485,0.00143220831940269,"NOT-LIVING"
"P5_HSN_Coryphaenae_40_100_50_petit_6kts_rep3_large Roscoff","rods",1,0.00212765957446809,9.65989968534595e-05,4.85541943083939e-05,"NOT-LIVING"
"P5_HSN_Coryphaenae_40_100_50_petit_6kts_rep3_large Roscoff","unidentifiable",12,0.025531914893617,0.00153679348205709,0.000772448697918347,"LIVING"
"P5_HSN_Mystinet_60_150_50_grand_grande_6kts_rep1_large Roscoff","Chaetoceros<Mediophyceae",9,0.0184426229508197,0.00329385976907691,0.00158999709414358,"LIVING"
"P5_HSN_Mystinet_60_150_50_grand_grande_6kts_rep1_large Roscoff","Guinardia delicatula",5,0.0102459016393443,0.000360858131408358,0.000174191805529768,"LIVING"
"P5_HSN_Mystinet_60_150_50_grand_grande_6kts_rep1_large Roscoff","Guinardia flaccida",1,0.00204918032786885,0.000265875639891241,0.000128342286699445,"LIVING"
"P5_HSN_Mystinet_60_150_50_grand_grande_6kts_rep1_large Roscoff","Helicotheca tamesis",1,0.00204918032786885,0.00051045204775075,0.000246403104419587,"LIVING"
"P5_HSN_Mystinet_60_150_50_grand_grande_6kts_rep1_large Roscoff","Neoceratium",1,0.00204918032786885,0.000131965983420276,6.3702022816485e-05,"other"
"P5_HSN_Mystinet_60_150_50_grand_grande_6kts_rep1_large Roscoff","Pseudo-Nitzschia chain",1,0.00204918032786885,6.31729615262164e-05,3.0494566343751e-05,"LIVING"
"P5_HSN_Mystinet_60_150_50_grand_grande_6kts_rep1_large Roscoff","Rhizosolenia",37,0.0758196721311475,0.00495177199927135,0.00239029698945242,"LIVING"
"P5_HSN_Mystinet_60_150_50_grand_grande_6kts_rep1_large Roscoff","aggregates",42,0.0860655737704918,0.434025447914553,0.20951080171877,"NOT-LIVING"
"P5_HSN_Mystinet_60_150_50_grand_grande_6kts_rep1_large Roscoff","badfocus<artefact",8,0.0163934426229508,0.00794272112841452,0.00383407442913428,"NOT-LIVING"
"P5_HSN_Mystinet_60_150_50_grand_grande_6kts_rep1_large Roscoff","badfocus<other",156,0.319672131147541,0.012966345444796,0.00625905564421316,"NOT-LIVING"
"P5_HSN_Mystinet_60_150_50_grand_grande_6kts_rep1_large Roscoff","cut<artefact",1,0.00204918032786885,0.000185037700528467,8.93205621287648e-05,"NOT-LIVING"
"P5_HSN_Mystinet_60_150_50_grand_grande_6kts_rep1_large Roscoff","detritus",168,0.344262295081967,0.209504186974293,0.101130913837717,"NOT-LIVING"
"P5_HSN_Mystinet_60_150_50_grand_grande_6kts_rep1_large Roscoff","fecal pellets",2,0.00409836065573771,0.00215824683326631,0.00104181915258029,"NOT-LIVING"
"P5_HSN_Mystinet_60_150_50_grand_grande_6kts_rep1_large Roscoff","molt",2,0.00409836065573771,0.0115201459400793,0.00556095275846224,"NOT-LIVING"
"P5_HSN_Mystinet_60_150_50_grand_grande_6kts_rep1_large Roscoff","nauplii na",2,0.00409836065573771,0.00856219930374976,0.00413310613288663,"LIVING"
"P5_HSN_Mystinet_60_150_50_grand_grande_6kts_rep1_large Roscoff","part<Crustacea",6,0.0122950819672131,0.0100605186032396,0.0048563680503045,"NOT-LIVING"
"P5_HSN_Mystinet_60_150_50_grand_grande_6kts_rep1_large Roscoff","spherical",2,0.00409836065573771,0.00138374625869996,0.00066795573722362,"LIVING"
"P5_HSN_Mystinet_60_150_50_grand_grande_6kts_rep1_large Roscoff","transparent",6,0.0122950819672131,0.00111829936943783,0.000539820415089211,"NOT-LIVING"
"P5_HSN_Mystinet_60_150_50_grand_grande_6kts_rep1_large Roscoff","unidentifiable",38,0.0778688524590164,0.00364884865227879,0.00176135572271763,"LIVING"
"P5_HSN_Mystinet_60_150_50_grand_grande_6kts_rep2_large Roscoff","Chaetoceros<Mediophyceae",5,0.00865051903114187,0.00344234233227949,0.00153858511636191,"LIVING"
"P5_HSN_Mystinet_60_150_50_grand_grande_6kts_rep2_large Roscoff","Helicotheca tamesis",1,0.00173010380622837,0.00042533020208487,0.000190105066637473,"LIVING"
"P5_HSN_Mystinet_60_150_50_grand_grande_6kts_rep2_large Roscoff","Neoceratium",1,0.00173010380622837,0.000117466956070978,5.25028869384603e-05,"other"
"P5_HSN_Mystinet_60_150_50_grand_grande_6kts_rep2_large Roscoff","Neoceratium fusus<Neoceratium",1,0.00173010380622837,0.000414646663355979,0.0001853299652409,"LIVING"
"P5_HSN_Mystinet_60_150_50_grand_grande_6kts_rep2_large Roscoff","Pseudo-Nitzschia chain",1,0.00173010380622837,3.10379802280735e-05,1.38726976608473e-05,"LIVING"
"P5_HSN_Mystinet_60_150_50_grand_grande_6kts_rep2_large Roscoff","Rhizosolenia",38,0.0657439446366782,0.00179444394359331,0.000802042469126016,"LIVING"
"P5_HSN_Mystinet_60_150_50_grand_grande_6kts_rep2_large Roscoff","aggregates",72,0.124567474048443,0.181608520094988,0.0811715219031203,"NOT-LIVING"
"P5_HSN_Mystinet_60_150_50_grand_grande_6kts_rep2_large Roscoff","badfocus<artefact",11,0.0190311418685121,0.0164951680494496,0.00737266012586432,"NOT-LIVING"
"P5_HSN_Mystinet_60_150_50_grand_grande_6kts_rep2_large Roscoff","badfocus<other",208,0.359861591695502,0.0141345193483576,0.00631754747120449,"NOT-LIVING"
"P5_HSN_Mystinet_60_150_50_grand_grande_6kts_rep2_large Roscoff","bubble",1,0.00173010380622837,0.000354363214091076,0.000158385748527707,"NOT-LIVING"
"P5_HSN_Mystinet_60_150_50_grand_grande_6kts_rep2_large Roscoff","copepod sp.",3,0.00519031141868512,0.022007523597521,0.00983645581603364,"LIVING"
"P5_HSN_Mystinet_60_150_50_grand_grande_6kts_rep2_large Roscoff","cut<artefact",1,0.00173010380622837,0.000311736169965708,0.00013933321704913,"NOT-LIVING"
"P5_HSN_Mystinet_60_150_50_grand_grande_6kts_rep2_large Roscoff","detritus",169,0.292387543252595,0.154239098705061,0.0689385188112705,"NOT-LIVING"
"P5_HSN_Mystinet_60_150_50_grand_grande_6kts_rep2_large Roscoff","fecal pellets",3,0.00519031141868512,0.000687172646272424,0.000307137845068902,"NOT-LIVING"
"P5_HSN_Mystinet_60_150_50_grand_grande_6kts_rep2_large Roscoff","molt",9,0.0155709342560554,0.0568385340898193,0.0254044816421602,"NOT-LIVING"
"P5_HSN_Mystinet_60_150_50_grand_grande_6kts_rep2_large Roscoff","nauplii na",11,0.0190311418685121,0.0337131199629957,0.0150683748431379,"LIVING"
"P5_HSN_Mystinet_60_150_50_grand_grande_6kts_rep2_large Roscoff","part<Crustacea",13,0.0224913494809689,0.0170228178726592,0.0076084978451488,"NOT-LIVING"
"P5_HSN_Mystinet_60_150_50_grand_grande_6kts_rep2_large Roscoff","rods",1,0.00173010380622837,0.000816785479422223,0.000365069438363322,"NOT-LIVING"
"P5_HSN_Mystinet_60_150_50_grand_grande_6kts_rep2_large Roscoff","spherical",2,0.00346020761245675,0.00097142946118113,0.000434188923208875,"LIVING"
"P5_HSN_Mystinet_60_150_50_grand_grande_6kts_rep2_large Roscoff","transparent",3,0.00519031141868512,0.000757524325386938,0.000338582145474953,"NOT-LIVING"
"P5_HSN_Mystinet_60_150_50_grand_grande_6kts_rep2_large Roscoff","unidentifiable",24,0.041522491349481,0.00274567075955017,0.00122720164274789,"LIVING"
"P5_HSN_Mystinet_60_150_50_grand_grande_6kts_rep3_large Roscoff","Chaetoceros<Mediophyceae",4,0.0063391442155309,0.00209322276233508,0.000935584284328303,"LIVING"
"P5_HSN_Mystinet_60_150_50_grand_grande_6kts_rep3_large Roscoff","Delphineis",1,0.00158478605388273,0.000600929669209517,0.000268590789578386,"LIVING"
"P5_HSN_Mystinet_60_150_50_grand_grande_6kts_rep3_large Roscoff","Dissoconium",1,0.00158478605388273,0.000412227054534232,0.000184248499842863,"LIVING"
"P5_HSN_Mystinet_60_150_50_grand_grande_6kts_rep3_large Roscoff","Guinardia delicatula",1,0.00158478605388273,8.42217521699308e-05,3.76436512857711e-05,"LIVING"
"P5_HSN_Mystinet_60_150_50_grand_grande_6kts_rep3_large Roscoff","Guinardia flaccida",1,0.00158478605388273,0.000383418528455074,0.000171372276280181,"LIVING"
"P5_HSN_Mystinet_60_150_50_grand_grande_6kts_rep3_large Roscoff","Neoceratium",2,0.00316957210776545,0.000437891583170036,0.000195719486155647,"other"
"P5_HSN_Mystinet_60_150_50_grand_grande_6kts_rep3_large Roscoff","Pseudo-Nitzschia chain",4,0.0063391442155309,0.00053139206364446,0.0002375103464898,"LIVING"
"P5_HSN_Mystinet_60_150_50_grand_grande_6kts_rep3_large Roscoff","Rhizosolenia",43,0.0681458003169572,0.00335584539149404,0.00149992454955675,"LIVING"
"P5_HSN_Mystinet_60_150_50_grand_grande_6kts_rep3_large Roscoff","aggregates",79,0.125198098256735,0.286115861483634,0.127881995322145,"NOT-LIVING"
"P5_HSN_Mystinet_60_150_50_grand_grande_6kts_rep3_large Roscoff","badfocus<artefact",3,0.00475435816164818,0.00338804684910642,0.00151431727364551,"NOT-LIVING"
"P5_HSN_Mystinet_60_150_50_grand_grande_6kts_rep3_large Roscoff","badfocus<other",219,0.347068145800317,0.0147925364823513,0.00661165400418358,"NOT-LIVING"
"P5_HSN_Mystinet_60_150_50_grand_grande_6kts_rep3_large Roscoff","copepod sp.",7,0.0110935023771791,0.078527152597532,0.0350984000295046,"LIVING"
"P5_HSN_Mystinet_60_150_50_grand_grande_6kts_rep3_large Roscoff","cut<artefact",2,0.00316957210776545,0.000559124025893017,0.000249905390400173,"NOT-LIVING"
"P5_HSN_Mystinet_60_150_50_grand_grande_6kts_rep3_large Roscoff","detritus",178,0.282091917591125,0.127033698708044,0.0567788265204796,"NOT-LIVING"
"P5_HSN_Mystinet_60_150_50_grand_grande_6kts_rep3_large Roscoff","fecal pellets",5,0.00792393026941363,0.00458399390160159,0.00204885630472076,"NOT-LIVING"
"P5_HSN_Mystinet_60_150_50_grand_grande_6kts_rep3_large Roscoff","molt",5,0.00792393026941363,0.0178205897720937,0.00796506899706816,"NOT-LIVING"
"P5_HSN_Mystinet_60_150_50_grand_grande_6kts_rep3_large Roscoff","nauplii na",7,0.0110935023771791,0.0209431307146672,0.00936071607563546,"LIVING"
"P5_HSN_Mystinet_60_150_50_grand_grande_6kts_rep3_large Roscoff","part<Crustacea",6,0.00950871632329636,0.00959182020179642,0.00428714821966326,"NOT-LIVING"
"P5_HSN_Mystinet_60_150_50_grand_grande_6kts_rep3_large Roscoff","spherical",1,0.00158478605388273,0.000416266965385889,0.000186054173453388,"LIVING"
"P5_HSN_Mystinet_60_150_50_grand_grande_6kts_rep3_large Roscoff","transparent",13,0.0206022187004754,0.000804448920725066,0.000359555505184573,"NOT-LIVING"
"P5_HSN_Mystinet_60_150_50_grand_grande_6kts_rep3_large Roscoff","unidentifiable",49,0.0776545166402536,0.00452711184326452,0.00202343236953431,"LIVING"
"P5_HSN_Mystinet_60_150_50_petit_6kts_rep1_large Roscoff","Chaetoceros<Mediophyceae",14,0.023972602739726,0.00490254520258803,0.00109561780219554,"LIVING"
"P5_HSN_Mystinet_60_150_50_petit_6kts_rep1_large Roscoff","Guinardia delicatula",12,0.0205479452054795,0.00103606346641979,0.000231538829548113,"LIVING"
"P5_HSN_Mystinet_60_150_50_petit_6kts_rep1_large Roscoff","Guinardia flaccida",2,0.00342465753424658,0.000773236950149128,0.00017280252050538,"LIVING"
"P5_HSN_Mystinet_60_150_50_petit_6kts_rep1_large Roscoff","Neoceratium",1,0.00171232876712329,0.00281825377710664,0.000629821629726709,"other"
"P5_HSN_Mystinet_60_150_50_petit_6kts_rep1_large Roscoff","Pleurosigma",1,0.00171232876712329,0.000129571953007298,2.89566607779768e-05,"LIVING"
"P5_HSN_Mystinet_60_150_50_petit_6kts_rep1_large Roscoff","Pseudo-Nitzschia chain",2,0.00342465753424658,0.000410129884300945,9.16555756008747e-05,"LIVING"
"P5_HSN_Mystinet_60_150_50_petit_6kts_rep1_large Roscoff","Rhizosolenia",39,0.0667808219178082,0.00379067155787801,0.000847136960388459,"LIVING"
"P5_HSN_Mystinet_60_150_50_petit_6kts_rep1_large Roscoff","aggregates",49,0.0839041095890411,0.409191023374895,0.0914457595355739,"NOT-LIVING"
"P5_HSN_Mystinet_60_150_50_petit_6kts_rep1_large Roscoff","badfocus<artefact",19,0.0325342465753425,0.0190834932092256,0.00426476738594228,"NOT-LIVING"
"P5_HSN_Mystinet_60_150_50_petit_6kts_rep1_large Roscoff","badfocus<other",183,0.313356164383562,0.0110071202593176,0.00245986450071879,"NOT-LIVING"
"P5_HSN_Mystinet_60_150_50_petit_6kts_rep1_large Roscoff","bubble",20,0.0342465753424658,0.0292915104778194,0.00654604883923452,"NOT-LIVING"
"P5_HSN_Mystinet_60_150_50_petit_6kts_rep1_large Roscoff","copepod sp.",4,0.00684931506849315,0.0248350928102396,0.00555013134559433,"LIVING"
"P5_HSN_Mystinet_60_150_50_petit_6kts_rep1_large Roscoff","copepoda-cut",1,0.00171232876712329,0.00214845361215325,0.000480135098687883,"LIVING"
"P5_HSN_Mystinet_60_150_50_petit_6kts_rep1_large Roscoff","cut<artefact",2,0.00342465753424658,0.000594516041751307,0.000132862081249084,"NOT-LIVING"
"P5_HSN_Mystinet_60_150_50_petit_6kts_rep1_large Roscoff","detritus",143,0.24486301369863,0.182883049417345,0.0408705919846848,"NOT-LIVING"
"P5_HSN_Mystinet_60_150_50_petit_6kts_rep1_large Roscoff","fecal pellets",3,0.00513698630136986,0.00319421317791751,0.000713840806584828,"NOT-LIVING"
"P5_HSN_Mystinet_60_150_50_petit_6kts_rep1_large Roscoff","molt",7,0.011986301369863,0.115534312345548,0.0258195374319815,"NOT-LIVING"
"P5_HSN_Mystinet_60_150_50_petit_6kts_rep1_large Roscoff","nauplii na",14,0.023972602739726,0.0440405878777568,0.00984216363217938,"LIVING"
"P5_HSN_Mystinet_60_150_50_petit_6kts_rep1_large Roscoff","part<Crustacea",17,0.0291095890410959,0.0345309848450684,0.0077169633649945,"NOT-LIVING"
"P5_HSN_Mystinet_60_150_50_petit_6kts_rep1_large Roscoff","rods",3,0.00513698630136986,0.00148771225314141,0.000332473024058138,"NOT-LIVING"
"P5_HSN_Mystinet_60_150_50_petit_6kts_rep1_large Roscoff","spherical",1,0.00171232876712329,0.000405673989129818,9.06597748744219e-05,"LIVING"
"P5_HSN_Mystinet_60_150_50_petit_6kts_rep1_large Roscoff","transparent",9,0.0154109589041096,0.00158449023208103,0.000354100907576844,"NOT-LIVING"
"P5_HSN_Mystinet_60_150_50_petit_6kts_rep1_large Roscoff","unidentifiable",38,0.0650684931506849,0.00283928709748256,0.000634522143294841,"LIVING"
"P5_HSN_Mystinet_60_150_50_petit_6kts_rep2_large Roscoff","Chaetoceros<Mediophyceae",7,0.00923482849604222,0.00258410658052385,0.0011549891150001,"LIVING"
"P5_HSN_Mystinet_60_150_50_petit_6kts_rep2_large Roscoff","Guinardia delicatula",4,0.00527704485488127,0.000304743942301234,0.000136207979528767,"LIVING"
"P5_HSN_Mystinet_60_150_50_petit_6kts_rep2_large Roscoff","Neoceratium",1,0.00131926121372032,8.27622947368183e-05,3.69913339774389e-05,"other"
"P5_HSN_Mystinet_60_150_50_petit_6kts_rep2_large Roscoff","Rhizosolenia",55,0.0725593667546174,0.00401887857432547,0.00179627304958608,"LIVING"
"P5_HSN_Mystinet_60_150_50_petit_6kts_rep2_large Roscoff","aggregates",43,0.0567282321899736,0.242918448227749,0.108574532354966,"NOT-LIVING"
"P5_HSN_Mystinet_60_150_50_petit_6kts_rep2_large Roscoff","badfocus<artefact",23,0.0303430079155673,0.0375683747840873,0.0167915148202087,"NOT-LIVING"
"P5_HSN_Mystinet_60_150_50_petit_6kts_rep2_large Roscoff","badfocus<other",302,0.398416886543536,0.0201840935578124,0.00902145775685889,"NOT-LIVING"
"P5_HSN_Mystinet_60_150_50_petit_6kts_rep2_large Roscoff","bubble",43,0.0567282321899736,0.038157727987301,0.017054931406712,"NOT-LIVING"
"P5_HSN_Mystinet_60_150_50_petit_6kts_rep2_large Roscoff","copepod sp.",5,0.00659630606860158,0.116037675348282,0.051864057375688,"LIVING"
"P5_HSN_Mystinet_60_150_50_petit_6kts_rep2_large Roscoff","copepoda-cut",1,0.00131926121372032,0.0352142602598133,0.0157393226732235,"LIVING"
"P5_HSN_Mystinet_60_150_50_petit_6kts_rep2_large Roscoff","cut<artefact",1,0.00131926121372032,0.000283494177691828,0.000126710210742774,"NOT-LIVING"
"P5_HSN_Mystinet_60_150_50_petit_6kts_rep2_large Roscoff","detritus",158,0.20844327176781,0.127930905068354,0.0571798407773517,"NOT-LIVING"
"P5_HSN_Mystinet_60_150_50_petit_6kts_rep2_large Roscoff","fecal pellets",3,0.00395778364116095,0.00197668313935662,0.000883495877054073,"NOT-LIVING"
"P5_HSN_Mystinet_60_150_50_petit_6kts_rep2_large Roscoff","molt",10,0.0131926121372032,0.0248696870611388,0.0111157248952368,"NOT-LIVING"
"P5_HSN_Mystinet_60_150_50_petit_6kts_rep2_large Roscoff","nauplii na",15,0.0197889182058048,0.0477382628255877,0.0213370355341111,"LIVING"
"P5_HSN_Mystinet_60_150_50_petit_6kts_rep2_large Roscoff","part<Crustacea",6,0.0079155672823219,0.0136083016584558,0.00608234985647072,"NOT-LIVING"
"P5_HSN_Mystinet_60_150_50_petit_6kts_rep2_large Roscoff","transparent",15,0.0197889182058048,0.00109362128941233,0.000488803633226135,"NOT-LIVING"
"P5_HSN_Mystinet_60_150_50_petit_6kts_rep2_large Roscoff","unidentifiable",66,0.0870712401055409,0.00577602466289583,0.00258164491507329,"LIVING"
"P5_HSN_Mystinet_60_150_50_petit_6kts_rep3_large Roscoff","Chaetoceros<Mediophyceae",9,0.0139103554868624,0.00450793671218931,0.00201486187641398,"LIVING"
"P5_HSN_Mystinet_60_150_50_petit_6kts_rep3_large Roscoff","Delphineis",1,0.00154559505409583,0.000361673066725749,0.000161652951316065,"LIVING"
"P5_HSN_Mystinet_60_150_50_petit_6kts_rep3_large Roscoff","Guinardia flaccida",1,0.00154559505409583,0.00026418972246552,0.00011808191505813,"LIVING"
"P5_HSN_Mystinet_60_150_50_petit_6kts_rep3_large Roscoff","Helicotheca tamesis",1,0.00154559505409583,0.000723897010625064,0.000323552122019506,"LIVING"
"P5_HSN_Mystinet_60_150_50_petit_6kts_rep3_large Roscoff","Neoceratium",2,0.00309119010819165,0.000227637806862447,0.000101744715589604,"other"
"P5_HSN_Mystinet_60_150_50_petit_6kts_rep3_large Roscoff","Pseudo-Nitzschia chain",2,0.00309119010819165,0.00113613766206501,0.000507806699118711,"LIVING"
"P5_HSN_Mystinet_60_150_50_petit_6kts_rep3_large Roscoff","Rhizosolenia",52,0.080370942812983,0.00384654948816721,0.00171924905211987,"LIVING"
"P5_HSN_Mystinet_60_150_50_petit_6kts_rep3_large Roscoff","aggregates",48,0.0741885625965997,0.139163016966029,0.0622001317661421,"NOT-LIVING"
"P5_HSN_Mystinet_60_150_50_petit_6kts_rep3_large Roscoff","badfocus<artefact",12,0.0185471406491499,0.0085722821280687,0.00383145672986218,"NOT-LIVING"
"P5_HSN_Mystinet_60_150_50_petit_6kts_rep3_large Roscoff","badfocus<other",259,0.400309119010819,0.0182576013253521,0.00816039514613142,"NOT-LIVING"
"P5_HSN_Mystinet_60_150_50_petit_6kts_rep3_large Roscoff","bubble",1,0.00154559505409583,0.00286859144329913,0.00128214212113545,"NOT-LIVING"
"P5_HSN_Mystinet_60_150_50_petit_6kts_rep3_large Roscoff","copepod sp.",4,0.00618238021638331,0.0149310182921237,0.00667354966441605,"LIVING"
"P5_HSN_Mystinet_60_150_50_petit_6kts_rep3_large Roscoff","cut<artefact",2,0.00309119010819165,0.000491374107426881,0.000219623969749687,"NOT-LIVING"
"P5_HSN_Mystinet_60_150_50_petit_6kts_rep3_large Roscoff","detritus",156,0.241112828438949,0.0974474168900981,0.0435549782045461,"NOT-LIVING"
"P5_HSN_Mystinet_60_150_50_petit_6kts_rep3_large Roscoff","fecal pellets",1,0.00154559505409583,0.000331979605978592,0.000148381198437089,"NOT-LIVING"
"P5_HSN_Mystinet_60_150_50_petit_6kts_rep3_large Roscoff","molt",6,0.00927357032457496,0.0103076853617358,0.00460711043552907,"NOT-LIVING"
"P5_HSN_Mystinet_60_150_50_petit_6kts_rep3_large Roscoff","nauplii na",11,0.0170015455950541,0.0407025380149272,0.0181923565825171,"LIVING"
"P5_HSN_Mystinet_60_150_50_petit_6kts_rep3_large Roscoff","part<Crustacea",4,0.00618238021638331,0.00720640805090409,0.00322096732378431,"NOT-LIVING"
"P5_HSN_Mystinet_60_150_50_petit_6kts_rep3_large Roscoff","spherical",2,0.00309119010819165,0.00124120742962479,0.000554768553850928,"LIVING"
"P5_HSN_Mystinet_60_150_50_petit_6kts_rep3_large Roscoff","transparent",9,0.0139103554868624,0.000648107024860555,0.000289677122728155,"NOT-LIVING"
"P5_HSN_Mystinet_60_150_50_petit_6kts_rep3_large Roscoff","unidentifiable",64,0.0989180834621329,0.00449832527128041,0.00201056595854708,"LIVING"
"P7_HSN_Corypahenae_40_100_50_petit_6kts_rep1_large Roscoff","Delphineis",1,0.00448430493273543,0.000567221870676911,0.000142553244971048,"LIVING"
"P7_HSN_Corypahenae_40_100_50_petit_6kts_rep1_large Roscoff","Pseudo-Nitzschia chain",1,0.00448430493273543,3.37065131195558e-05,8.47106409369887e-06,"LIVING"
"P7_HSN_Corypahenae_40_100_50_petit_6kts_rep1_large Roscoff","Rhizosolenia",15,0.0672645739910314,0.000932653887372115,0.000234393003783676,"LIVING"
"P7_HSN_Corypahenae_40_100_50_petit_6kts_rep1_large Roscoff","Rotifera",1,0.00448430493273543,0.000809153084901535,0.000203354990161776,"LIVING"
"P7_HSN_Corypahenae_40_100_50_petit_6kts_rep1_large Roscoff","aggregates",1,0.00448430493273543,0.00527997374461375,0.0013269541066151,"NOT-LIVING"
"P7_HSN_Corypahenae_40_100_50_petit_6kts_rep1_large Roscoff","badfocus<artefact",4,0.0179372197309417,0.00281893181603992,0.000708449195107839,"NOT-LIVING"
"P7_HSN_Corypahenae_40_100_50_petit_6kts_rep1_large Roscoff","badfocus<other",11,0.0493273542600897,0.000539640854074192,0.000135621630342674,"NOT-LIVING"
"P7_HSN_Corypahenae_40_100_50_petit_6kts_rep1_large Roscoff","bubble",45,0.201793721973094,3.60110084894266,0.905022598779823,"NOT-LIVING"
"P7_HSN_Corypahenae_40_100_50_petit_6kts_rep1_large Roscoff","copepod sp.",4,0.0179372197309417,0.134186313884138,0.0337234783490622,"LIVING"
"P7_HSN_Corypahenae_40_100_50_petit_6kts_rep1_large Roscoff","copepoda-cut",1,0.00448430493273543,0.00284856802583247,0.000715897317426409,"LIVING"
"P7_HSN_Corypahenae_40_100_50_petit_6kts_rep1_large Roscoff","cyst<Dinophyceae",2,0.00896860986547085,0.0020408099114418,0.000512892908903395,"NOT-LIVING"
"P7_HSN_Corypahenae_40_100_50_petit_6kts_rep1_large Roscoff","detritus",49,0.219730941704036,0.0679786174513447,0.0170842716180357,"NOT-LIVING"
"P7_HSN_Corypahenae_40_100_50_petit_6kts_rep1_large Roscoff","fecal pellets",6,0.0269058295964126,0.00315656594735575,0.00079330283619649,"NOT-LIVING"
"P7_HSN_Corypahenae_40_100_50_petit_6kts_rep1_large Roscoff","molt",22,0.0986547085201794,0.0698743452577055,0.017560702736702,"NOT-LIVING"
"P7_HSN_Corypahenae_40_100_50_petit_6kts_rep1_large Roscoff","nauplii na",12,0.0538116591928251,0.0639894959313933,0.0160817323178951,"LIVING"
"P7_HSN_Corypahenae_40_100_50_petit_6kts_rep1_large Roscoff","part<Crustacea",24,0.10762331838565,0.0414036438900338,0.0104054940320027,"NOT-LIVING"
"P7_HSN_Corypahenae_40_100_50_petit_6kts_rep1_large Roscoff","spherical",1,0.00448430493273543,0.000681300800701748,0.000171223369482394,"LIVING"
"P7_HSN_Corypahenae_40_100_50_petit_6kts_rep1_large Roscoff","transparent",4,0.0179372197309417,0.00167431963359794,0.00042078718968168,"NOT-LIVING"
"P7_HSN_Corypahenae_40_100_50_petit_6kts_rep1_large Roscoff","unidentifiable",19,0.0852017937219731,0.00416728004722886,0.00104731380108217,"LIVING"
"P7_HSN_Coryphaenae_40_100_50_petit_6kts_rep2_large Roscoff","Delphineis",3,0.012,0.00120766226239076,0.000303507645301885,"LIVING"
"P7_HSN_Coryphaenae_40_100_50_petit_6kts_rep2_large Roscoff","Dissoconium",1,0.004,0.00047107558905273,0.000118389923445609,"LIVING"
"P7_HSN_Coryphaenae_40_100_50_petit_6kts_rep2_large Roscoff","Helicotheca tamesis",2,0.008,0.00136800585289292,0.000343804926344865,"LIVING"
"P7_HSN_Coryphaenae_40_100_50_petit_6kts_rep2_large Roscoff","Neoceratium",2,0.008,0.00430787062198904,0.00108264678748569,"other"
"P7_HSN_Coryphaenae_40_100_50_petit_6kts_rep2_large Roscoff","Rhizosolenia",8,0.032,0.00045889202547256,0.00011532797077162,"LIVING"
"P7_HSN_Coryphaenae_40_100_50_petit_6kts_rep2_large Roscoff","Rotifera",1,0.004,0.0012067955478432,0.0003032898240619,"LIVING"
"P7_HSN_Coryphaenae_40_100_50_petit_6kts_rep2_large Roscoff","aggregates",8,0.032,0.0540270953916087,0.0135779985973444,"NOT-LIVING"
"P7_HSN_Coryphaenae_40_100_50_petit_6kts_rep2_large Roscoff","artefact",1,0.004,0.000442176525674642,0.00011112705952209,"NOT-LIVING"
"P7_HSN_Coryphaenae_40_100_50_petit_6kts_rep2_large Roscoff","badfocus<artefact",4,0.016,0.00280038655174007,0.000703788430526186,"NOT-LIVING"
"P7_HSN_Coryphaenae_40_100_50_petit_6kts_rep2_large Roscoff","badfocus<other",15,0.06,0.0019677859459247,0.000494540648909092,"NOT-LIVING"
"P7_HSN_Coryphaenae_40_100_50_petit_6kts_rep2_large Roscoff","bubble",31,0.124,10.6970423824819,2.68836267084667,"NOT-LIVING"
"P7_HSN_Coryphaenae_40_100_50_petit_6kts_rep2_large Roscoff","copepod sp.",3,0.012,0.0384584588674509,0.00966531509371832,"LIVING"
"P7_HSN_Coryphaenae_40_100_50_petit_6kts_rep2_large Roscoff","copepoda-cut",1,0.004,0.00269329177546592,0.000676873551769642,"LIVING"
"P7_HSN_Coryphaenae_40_100_50_petit_6kts_rep2_large Roscoff","detritus",41,0.164,0.0363281073866632,0.00912991874845269,"NOT-LIVING"
"P7_HSN_Coryphaenae_40_100_50_petit_6kts_rep2_large Roscoff","fecal pellets",13,0.052,0.00762220283865912,0.00191559917670611,"NOT-LIVING"
"P7_HSN_Coryphaenae_40_100_50_petit_6kts_rep2_large Roscoff","molt",22,0.088,0.10997870012722,0.0276396616409086,"NOT-LIVING"
"P7_HSN_Coryphaenae_40_100_50_petit_6kts_rep2_large Roscoff","nauplii na",24,0.096,0.115537620426905,0.0290367201258181,"LIVING"
"P7_HSN_Coryphaenae_40_100_50_petit_6kts_rep2_large Roscoff","part<Crustacea",50,0.2,0.120997020834133,0.0304087674390114,"NOT-LIVING"
"P7_HSN_Coryphaenae_40_100_50_petit_6kts_rep2_large Roscoff","spherical",2,0.008,0.00397829534415227,0.000999818483877093,"LIVING"
"P7_HSN_Coryphaenae_40_100_50_petit_6kts_rep2_large Roscoff","transparent",6,0.024,0.00300716665019961,0.000755756056519984,"NOT-LIVING"
"P7_HSN_Coryphaenae_40_100_50_petit_6kts_rep2_large Roscoff","unidentifiable",12,0.048,0.00961464482920911,0.00241633634121375,"LIVING"
"P7_HSN_Coryphaenae_40_100_50_petit_6kts_rep3_large Roscoff","Pseudo-Nitzschia chain",2,0.0147058823529412,0.000159127731712902,3.99917134603531e-05,"LIVING"
"P7_HSN_Coryphaenae_40_100_50_petit_6kts_rep3_large Roscoff","Rhizosolenia",3,0.0220588235294118,4.71818496400252e-05,1.18576629668653e-05,"LIVING"
"P7_HSN_Coryphaenae_40_100_50_petit_6kts_rep3_large Roscoff","aggregates",1,0.00735294117647059,0.00427439427283304,0.00107423356781157,"NOT-LIVING"
"P7_HSN_Coryphaenae_40_100_50_petit_6kts_rep3_large Roscoff","artefact",2,0.0147058823529412,0.00275716136115302,0.000692925148446948,"NOT-LIVING"
"P7_HSN_Coryphaenae_40_100_50_petit_6kts_rep3_large Roscoff","badfocus<artefact",7,0.0514705882352941,0.00647544816649307,0.00162739872437183,"NOT-LIVING"
"P7_HSN_Coryphaenae_40_100_50_petit_6kts_rep3_large Roscoff","badfocus<other",7,0.0514705882352941,0.000807218698448122,0.000202868843417059,"NOT-LIVING"
"P7_HSN_Coryphaenae_40_100_50_petit_6kts_rep3_large Roscoff","bubble",3,0.0220588235294118,13.9952217126237,3.51725554383667,"NOT-LIVING"
"P7_HSN_Coryphaenae_40_100_50_petit_6kts_rep3_large Roscoff","copepod sp.",5,0.0367647058823529,0.021184422120125,0.00532403327899957,"LIVING"
"P7_HSN_Coryphaenae_40_100_50_petit_6kts_rep3_large Roscoff","copepoda-cut",1,0.00735294117647059,0.0041831779580472,0.0010513092372467,"LIVING"
"P7_HSN_Coryphaenae_40_100_50_petit_6kts_rep3_large Roscoff","cut<artefact",1,0.00735294117647059,0.000325119017548128,8.17083637800767e-05,"NOT-LIVING"
"P7_HSN_Coryphaenae_40_100_50_petit_6kts_rep3_large Roscoff","detritus",24,0.176470588235294,0.024321311421829,0.00611239101375902,"NOT-LIVING"
"P7_HSN_Coryphaenae_40_100_50_petit_6kts_rep3_large Roscoff","fecal pellets",4,0.0294117647058824,0.00136275339191807,0.000342484886701196,"NOT-LIVING"
"P7_HSN_Coryphaenae_40_100_50_petit_6kts_rep3_large Roscoff","molt",15,0.110294117647059,0.0833626959150087,0.0209505723008133,"NOT-LIVING"
"P7_HSN_Coryphaenae_40_100_50_petit_6kts_rep3_large Roscoff","nauplii na",13,0.0955882352941176,0.0427880477246271,0.0107534200714837,"LIVING"
"P7_HSN_Coryphaenae_40_100_50_petit_6kts_rep3_large Roscoff","part<Crustacea",39,0.286764705882353,0.0483514476410756,0.0121516043661319,"NOT-LIVING"
"P7_HSN_Coryphaenae_40_100_50_petit_6kts_rep3_large Roscoff","rods",1,0.00735294117647059,0.000315588703735163,7.93132213677978e-05,"NOT-LIVING"
"P7_HSN_Coryphaenae_40_100_50_petit_6kts_rep3_large Roscoff","transparent",4,0.0294117647058824,0.000777986552065873,0.000195522269634061,"NOT-LIVING"
"P7_HSN_Coryphaenae_40_100_50_petit_6kts_rep3_large Roscoff","unidentifiable",4,0.0294117647058824,0.000233670991461682,5.87257999214887e-05,"LIVING"
"P7_HSN_Mystinet_60_150_50_petit_6kts_rep1_large Roscoff","Delphineis",1,0.0036231884057971,0.000609575538124602,0.000153197497323109,"LIVING"
"P7_HSN_Mystinet_60_150_50_petit_6kts_rep1_large Roscoff","Helicotheca tamesis",1,0.0036231884057971,0.000579792037737841,0.000145712358180532,"LIVING"
"P7_HSN_Mystinet_60_150_50_petit_6kts_rep1_large Roscoff","Neoceratium fusus<Neoceratium",1,0.0036231884057971,0.000304040370520107,7.64109137190312e-05,"LIVING"
"P7_HSN_Mystinet_60_150_50_petit_6kts_rep1_large Roscoff","Rhizosolenia",18,0.0652173913043478,0.000673862539055172,0.000169353998096206,"LIVING"
"P7_HSN_Mystinet_60_150_50_petit_6kts_rep1_large Roscoff","aggregates",24,0.0869565217391304,0.0759294041109545,0.0190824499270761,"NOT-LIVING"
"P7_HSN_Mystinet_60_150_50_petit_6kts_rep1_large Roscoff","badfocus<artefact",5,0.0181159420289855,0.00292807263265788,0.000735878281276735,"NOT-LIVING"
"P7_HSN_Mystinet_60_150_50_petit_6kts_rep1_large Roscoff","badfocus<other",18,0.0652173913043478,0.00071204392155178,0.00017894967882318,"NOT-LIVING"
"P7_HSN_Mystinet_60_150_50_petit_6kts_rep1_large Roscoff","copepod sp.",8,0.0289855072463768,0.175171861907482,0.0440238972321916,"LIVING"
"P7_HSN_Mystinet_60_150_50_petit_6kts_rep1_large Roscoff","copepoda-cut",4,0.0144927536231884,0.00208858807948661,0.000524900437607164,"LIVING"
"P7_HSN_Mystinet_60_150_50_petit_6kts_rep1_large Roscoff","detritus",65,0.235507246376812,0.104745370505669,0.0263244300567228,"NOT-LIVING"
"P7_HSN_Mystinet_60_150_50_petit_6kts_rep1_large Roscoff","fecal pellets",8,0.0289855072463768,0.0354001477760145,0.00889670550238695,"NOT-LIVING"
"P7_HSN_Mystinet_60_150_50_petit_6kts_rep1_large Roscoff","molt",23,0.0833333333333333,0.20024142095582,0.0503243365789134,"NOT-LIVING"
"P7_HSN_Mystinet_60_150_50_petit_6kts_rep1_large Roscoff","nauplii na",15,0.0543478260869565,0.0704407886090402,0.0177030603255035,"LIVING"
"P7_HSN_Mystinet_60_150_50_petit_6kts_rep1_large Roscoff","part<Crustacea",52,0.188405797101449,0.150247455929702,0.0377599375106314,"NOT-LIVING"
"P7_HSN_Mystinet_60_150_50_petit_6kts_rep1_large Roscoff","rods",1,0.0036231884057971,4.28110789055422e-05,1.0759208229072e-05,"NOT-LIVING"
"P7_HSN_Mystinet_60_150_50_petit_6kts_rep1_large Roscoff","spherical",1,0.0036231884057971,0.000513934566689141,0.00012916116950303,"LIVING"
"P7_HSN_Mystinet_60_150_50_petit_6kts_rep1_large Roscoff","transparent",16,0.0579710144927536,0.0071723260450771,0.00180253689882575,"NOT-LIVING"
"P7_HSN_Mystinet_60_150_50_petit_6kts_rep1_large Roscoff","unidentifiable",14,0.0507246376811594,0.00283691600145623,0.000712968950289697,"LIVING"
"P7_HSN_Mystinet_60_150_50_petit_6kts_rep1_large Roscoff","veliger",1,0.0036231884057971,0.00824006528958021,0.00207087932699272,"LIVING"
"P7_HSN_Mystinet_60_150_50_petit_6kts_rep2_large Roscoff","Chaetoceros<Mediophyceae",1,0.00364963503649635,0.000136891640061512,3.44033763664458e-05,"LIVING"
"P7_HSN_Mystinet_60_150_50_petit_6kts_rep2_large Roscoff","Dissoconium",1,0.00364963503649635,0.000332368204988823,8.35302173553652e-05,"LIVING"
"P7_HSN_Mystinet_60_150_50_petit_6kts_rep2_large Roscoff","Guinardia flaccida",2,0.0072992700729927,0.000356025220433337,8.94756586232082e-05,"LIVING"
"P7_HSN_Mystinet_60_150_50_petit_6kts_rep2_large Roscoff","Pseudo-Nitzschia chain",2,0.0072992700729927,9.33766091683361e-05,2.34672521097509e-05,"LIVING"
"P7_HSN_Mystinet_60_150_50_petit_6kts_rep2_large Roscoff","Rhizosolenia",39,0.142335766423358,0.00186030551001806,0.000467528846823412,"LIVING"
"P7_HSN_Mystinet_60_150_50_petit_6kts_rep2_large Roscoff","aggregates",21,0.0766423357664234,0.0851577708016003,0.0214017074972476,"NOT-LIVING"
"P7_HSN_Mystinet_60_150_50_petit_6kts_rep2_large Roscoff","badfocus<artefact",7,0.0255474452554745,0.00975328665017835,0.00245117957009749,"NOT-LIVING"
"P7_HSN_Mystinet_60_150_50_petit_6kts_rep2_large Roscoff","badfocus<other",26,0.0948905109489051,0.000932787523196926,0.000234426588914039,"NOT-LIVING"
"P7_HSN_Mystinet_60_150_50_petit_6kts_rep2_large Roscoff","copepod sp.",1,0.00364963503649635,0.0158121025647905,0.00397387097880404,"LIVING"
"P7_HSN_Mystinet_60_150_50_petit_6kts_rep2_large Roscoff","cyst<Dinophyceae",1,0.00364963503649635,0.00106386203704996,0.000267368014921562,"NOT-LIVING"
"P7_HSN_Mystinet_60_150_50_petit_6kts_rep2_large Roscoff","detritus",55,0.200729927007299,0.0759330198289578,0.0190833586232335,"NOT-LIVING"
"P7_HSN_Mystinet_60_150_50_petit_6kts_rep2_large Roscoff","fecal pellets",8,0.0291970802919708,0.00701096404308935,0.00176198367232388,"NOT-LIVING"
"P7_HSN_Mystinet_60_150_50_petit_6kts_rep2_large Roscoff","molt",5,0.0182481751824818,0.017081597586276,0.00429291832895536,"NOT-LIVING"
"P7_HSN_Mystinet_60_150_50_petit_6kts_rep2_large Roscoff","nauplii na",8,0.0291970802919708,0.0475265036480973,0.0119442808315543,"LIVING"
"P7_HSN_Mystinet_60_150_50_petit_6kts_rep2_large Roscoff","part<Crustacea",37,0.135036496350365,0.0993000724394492,0.0249559269201145,"NOT-LIVING"
"P7_HSN_Mystinet_60_150_50_petit_6kts_rep2_large Roscoff","rods",1,0.00364963503649635,0.000165805110169296,4.1669860965002e-05,"NOT-LIVING"
"P7_HSN_Mystinet_60_150_50_petit_6kts_rep2_large Roscoff","transparent",30,0.109489051094891,0.0130818409924351,0.0032877062399611,"NOT-LIVING"
"P7_HSN_Mystinet_60_150_50_petit_6kts_rep2_large Roscoff","unidentifiable",29,0.105839416058394,0.00658852835606671,0.00165581784711551,"LIVING"
"P7_HSN_Mystinet_60_150_50_petit_6kts_rep3_large Roscoff","Chaetoceros<Mediophyceae",1,0.00471698113207547,0.000218721902086828,5.49688199637087e-05,"LIVING"
"P7_HSN_Mystinet_60_150_50_petit_6kts_rep3_large Roscoff","Delphineis",2,0.00943396226415094,0.00162604230095315,0.000408654211771557,"LIVING"
"P7_HSN_Mystinet_60_150_50_petit_6kts_rep3_large Roscoff","Helicotheca tamesis",1,0.00471698113207547,0.000646905608634911,0.000162579227755844,"LIVING"
"P7_HSN_Mystinet_60_150_50_petit_6kts_rep3_large Roscoff","Rhizosolenia",17,0.080188679245283,0.000634395978589939,0.000159435328607227,"LIVING"
"P7_HSN_Mystinet_60_150_50_petit_6kts_rep3_large Roscoff","aggregates",10,0.0471698113207547,0.035816266553012,0.00900128377240955,"NOT-LIVING"
"P7_HSN_Mystinet_60_150_50_petit_6kts_rep3_large Roscoff","artefact",1,0.00471698113207547,0.0257291970483753,0.00646621845763518,"NOT-LIVING"
"P7_HSN_Mystinet_60_150_50_petit_6kts_rep3_large Roscoff","badfocus<artefact",4,0.0188679245283019,0.0276926792116276,0.00695967748713341,"NOT-LIVING"
"P7_HSN_Mystinet_60_150_50_petit_6kts_rep3_large Roscoff","badfocus<other",22,0.10377358490566,0.00134519076074641,0.000338071075821935,"NOT-LIVING"
"P7_HSN_Mystinet_60_150_50_petit_6kts_rep3_large Roscoff","bubble",21,0.0990566037735849,1.28841660175827,0.323802689829336,"NOT-LIVING"
"P7_HSN_Mystinet_60_150_50_petit_6kts_rep3_large Roscoff","copepod sp.",1,0.00471698113207547,0.0180017074390979,0.00452415878710813,"LIVING"
"P7_HSN_Mystinet_60_150_50_petit_6kts_rep3_large Roscoff","detritus",47,0.221698113207547,0.117789223057431,0.0296025891057709,"NOT-LIVING"
"P7_HSN_Mystinet_60_150_50_petit_6kts_rep3_large Roscoff","fecal pellets",2,0.00943396226415094,0.00117888674341757,0.000296275830350078,"NOT-LIVING"
"P7_HSN_Mystinet_60_150_50_petit_6kts_rep3_large Roscoff","molt",18,0.0849056603773585,0.0914398142578462,0.0229805000756584,"NOT-LIVING"
"P7_HSN_Mystinet_60_150_50_petit_6kts_rep3_large Roscoff","nauplii na",8,0.0377358490566038,0.0336462830522497,0.00845592717464976,"LIVING"
"P7_HSN_Mystinet_60_150_50_petit_6kts_rep3_large Roscoff","part<Crustacea",27,0.127358490566038,0.105321808052893,0.0264692993699985,"NOT-LIVING"
"P7_HSN_Mystinet_60_150_50_petit_6kts_rep3_large Roscoff","spherical",1,0.00471698113207547,0.000488496457336196,0.000122768106714631,"LIVING"
"P7_HSN_Mystinet_60_150_50_petit_6kts_rep3_large Roscoff","transparent",14,0.0660377358490566,0.00587699334860234,0.00147699606772344,"NOT-LIVING"
"P7_HSN_Mystinet_60_150_50_petit_6kts_rep3_large Roscoff","unidentifiable",15,0.0707547169811321,0.00231743016832463,0.000582412645856261,"LIVING"
"test_collecteur_14_05_24_HSN_Mystinet_H_60_150_50_grand_grande_6_Large de Roscoff","Chaetoceros<Mediophyceae",22,0.0475161987041037,0.0100850205046728,0.00112689710587408,"LIVING"
"test_collecteur_14_05_24_HSN_Mystinet_H_60_150_50_grand_grande_6_Large de Roscoff","Delphineis",6,0.0129589632829374,0.00974045615837391,0.00108839559123147,"LIVING"
"test_collecteur_14_05_24_HSN_Mystinet_H_60_150_50_grand_grande_6_Large de Roscoff","Foraminifera",1,0.00215982721382289,0.0046023187919623,0.000514261693822947,"LIVING"
"test_collecteur_14_05_24_HSN_Mystinet_H_60_150_50_grand_grande_6_Large de Roscoff","Guinardia delicatula",2,0.00431965442764579,0.000150089589419236,1.67709648046821e-05,"LIVING"
"test_collecteur_14_05_24_HSN_Mystinet_H_60_150_50_grand_grande_6_Large de Roscoff","Helicotheca tamesis",28,0.060475161987041,0.01638763436285,0.0018311492502233,"LIVING"
"test_collecteur_14_05_24_HSN_Mystinet_H_60_150_50_grand_grande_6_Large de Roscoff","Neoceratium",2,0.00431965442764579,0.00531013782604344,0.000593353176147554,"other"
"test_collecteur_14_05_24_HSN_Mystinet_H_60_150_50_grand_grande_6_Large de Roscoff","Odontella sp.",4,0.00863930885529158,0.00394423989903068,0.000440728159653349,"LIVING"
"test_collecteur_14_05_24_HSN_Mystinet_H_60_150_50_grand_grande_6_Large de Roscoff","Pleurosigma",3,0.00647948164146868,0.000421596182208044,4.71090284206832e-05,"LIVING"
"test_collecteur_14_05_24_HSN_Mystinet_H_60_150_50_grand_grande_6_Large de Roscoff","Rhizosolenia",3,0.00647948164146868,9.50723247728682e-05,1.0623352484571e-05,"LIVING"
"test_collecteur_14_05_24_HSN_Mystinet_H_60_150_50_grand_grande_6_Large de Roscoff","Rotifera",1,0.00215982721382289,0.00219449122445632,0.000245211778058365,"LIVING"
"test_collecteur_14_05_24_HSN_Mystinet_H_60_150_50_grand_grande_6_Large de Roscoff","aggregates",2,0.00431965442764579,0.0243057730628599,0.00271591964616016,"NOT-LIVING"
"test_collecteur_14_05_24_HSN_Mystinet_H_60_150_50_grand_grande_6_Large de Roscoff","artefact",1,0.00215982721382289,0.0109436032655544,0.0012228348809081,"NOT-LIVING"
"test_collecteur_14_05_24_HSN_Mystinet_H_60_150_50_grand_grande_6_Large de Roscoff","badfocus<other",1,0.00215982721382289,0.000482384416756165,5.3901487152099e-05,"NOT-LIVING"
"test_collecteur_14_05_24_HSN_Mystinet_H_60_150_50_grand_grande_6_Large de Roscoff","copepod sp.",6,0.0129589632829374,0.0555742820090077,0.00620985326980377,"LIVING"
"test_collecteur_14_05_24_HSN_Mystinet_H_60_150_50_grand_grande_6_Large de Roscoff","copepoda-cut",6,0.0129589632829374,0.0433167619664403,0.00484020173019981,"LIVING"
"test_collecteur_14_05_24_HSN_Mystinet_H_60_150_50_grand_grande_6_Large de Roscoff","detritus",319,0.688984881209503,0.564460253283379,0.0630726160161263,"NOT-LIVING"
"test_collecteur_14_05_24_HSN_Mystinet_H_60_150_50_grand_grande_6_Large de Roscoff","fecal pellets",3,0.00647948164146868,0.00315194392962838,0.00035219725042005,"NOT-LIVING"
"test_collecteur_14_05_24_HSN_Mystinet_H_60_150_50_grand_grande_6_Large de Roscoff","molt",9,0.019438444924406,0.0619110400683717,0.00691792067674785,"NOT-LIVING"
"test_collecteur_14_05_24_HSN_Mystinet_H_60_150_50_grand_grande_6_Large de Roscoff","nauplii na",19,0.041036717062635,0.139269323212404,0.0155619115689831,"LIVING"
"test_collecteur_14_05_24_HSN_Mystinet_H_60_150_50_grand_grande_6_Large de Roscoff","part<Crustacea",7,0.0151187904967603,0.0195154682826089,0.00218065245551653,"NOT-LIVING"
"test_collecteur_14_05_24_HSN_Mystinet_H_60_150_50_grand_grande_6_Large de Roscoff","rods",1,0.00215982721382289,0.000143523475277214,1.60372692192289e-05,"NOT-LIVING"
"test_collecteur_14_05_24_HSN_Mystinet_H_60_150_50_grand_grande_6_Large de Roscoff","spherical",5,0.0107991360691145,0.00295921422062522,0.000330661691697984,"LIVING"
"test_collecteur_14_05_24_HSN_Mystinet_H_60_150_50_grand_grande_6_Large de Roscoff","spicule",2,0.00431965442764579,0.0040937168233653,0.000457430665448909,"NOT-LIVING"
"test_collecteur_14_05_24_HSN_Mystinet_H_60_150_50_grand_grande_6_Large de Roscoff","unidentifiable",10,0.0215982721382289,0.0094900459885989,0.00106041483546899,"LIVING"
"test_collecteur_14_05_24_HSN_Mystinet_H_60_150_50_grand_petite_6_Large de Roscoff","Chaetoceros<Mediophyceae",4,0.00719424460431655,0.00184927122255506,0.000206637000659338,"LIVING"
"test_collecteur_14_05_24_HSN_Mystinet_H_60_150_50_grand_petite_6_Large de Roscoff","Delphineis",8,0.0143884892086331,0.00591222864932019,0.00066063062054239,"LIVING"
"test_collecteur_14_05_24_HSN_Mystinet_H_60_150_50_grand_petite_6_Large de Roscoff","Helicotheca tamesis",15,0.026978417266187,0.00793053950782832,0.000886156058408698,"LIVING"
"test_collecteur_14_05_24_HSN_Mystinet_H_60_150_50_grand_petite_6_Large de Roscoff","Neoceratium",1,0.00179856115107914,0.00032529171131207,3.63479963052678e-05,"other"
"test_collecteur_14_05_24_HSN_Mystinet_H_60_150_50_grand_petite_6_Large de Roscoff","Neoceratium fusus<Neoceratium",1,0.00179856115107914,0.000810001876771212,9.05093619059194e-05,"LIVING"
"test_collecteur_14_05_24_HSN_Mystinet_H_60_150_50_grand_petite_6_Large de Roscoff","Odontella sp.",1,0.00179856115107914,0.00173156778013184,0.000193484854012072,"LIVING"
"test_collecteur_14_05_24_HSN_Mystinet_H_60_150_50_grand_petite_6_Large de Roscoff","Pleurosigma",2,0.00359712230215827,0.000251225975947951,2.80719136946684e-05,"LIVING"
"test_collecteur_14_05_24_HSN_Mystinet_H_60_150_50_grand_petite_6_Large de Roscoff","Pseudo-Nitzschia chain",1,0.00179856115107914,1.7161141452129e-05,1.91758069573972e-06,"LIVING"
"test_collecteur_14_05_24_HSN_Mystinet_H_60_150_50_grand_petite_6_Large de Roscoff","Rhizosolenia",1,0.00179856115107914,0.000129336760134451,1.44520500093293e-05,"LIVING"
"test_collecteur_14_05_24_HSN_Mystinet_H_60_150_50_grand_petite_6_Large de Roscoff","aggregates",6,0.0107913669064748,0.0333660704295698,0.0037283145020926,"NOT-LIVING"
"test_collecteur_14_05_24_HSN_Mystinet_H_60_150_50_grand_petite_6_Large de Roscoff","copepod sp.",10,0.0179856115107914,0.0524437580800449,0.00586004948370505,"LIVING"
"test_collecteur_14_05_24_HSN_Mystinet_H_60_150_50_grand_petite_6_Large de Roscoff","copepoda-cut",1,0.00179856115107914,0.00216287547181163,0.000241679043530079,"LIVING"
"test_collecteur_14_05_24_HSN_Mystinet_H_60_150_50_grand_petite_6_Large de Roscoff","cyst<Dinophyceae",1,0.00179856115107914,0.00252229408803631,0.000281840369749811,"NOT-LIVING"
"test_collecteur_14_05_24_HSN_Mystinet_H_60_150_50_grand_petite_6_Large de Roscoff","detritus",465,0.836330935251799,0.514376283142113,0.0574762485147686,"NOT-LIVING"
"test_collecteur_14_05_24_HSN_Mystinet_H_60_150_50_grand_petite_6_Large de Roscoff","molt",2,0.00359712230215827,0.0102126262685572,0.00114115573489199,"NOT-LIVING"
"test_collecteur_14_05_24_HSN_Mystinet_H_60_150_50_grand_petite_6_Large de Roscoff","nauplii na",8,0.0143884892086331,0.0395151124477018,0.00441540657601752,"LIVING"
"test_collecteur_14_05_24_HSN_Mystinet_H_60_150_50_grand_petite_6_Large de Roscoff","part<Crustacea",2,0.00359712230215827,0.00261364693334036,0.00029204810873644,"NOT-LIVING"
"test_collecteur_14_05_24_HSN_Mystinet_H_60_150_50_grand_petite_6_Large de Roscoff","spherical",3,0.00539568345323741,0.0011319282355487,0.000126481314748538,"LIVING"
"test_collecteur_14_05_24_HSN_Mystinet_H_60_150_50_grand_petite_6_Large de Roscoff","spicule",3,0.00539568345323741,0.0015880028223952,0.000177442949555517,"NOT-LIVING"
"test_collecteur_14_05_24_HSN_Mystinet_H_60_150_50_grand_petite_6_Large de Roscoff","unidentifiable",21,0.0377697841726619,0.0118625724645977,0.00132552021806825,"LIVING"
"test_collecteur_14_05_24_HSN_Mystinet_H_60_150_50_grand_petite_non-chaussette_Large de Roscoff","Chaetoceros<Mediophyceae",9,0.0337078651685393,0.00390893506777438,0.000436783208609604,"LIVING"
"test_collecteur_14_05_24_HSN_Mystinet_H_60_150_50_grand_petite_non-chaussette_Large de Roscoff","Dactyliosolen",1,0.00374531835205993,5.81599804697169e-05,6.4987784247587e-06,"LIVING"
"test_collecteur_14_05_24_HSN_Mystinet_H_60_150_50_grand_petite_non-chaussette_Large de Roscoff","Delphineis",2,0.00749063670411985,0.00299884381579386,0.000335089890538216,"LIVING"
"test_collecteur_14_05_24_HSN_Mystinet_H_60_150_50_grand_petite_non-chaussette_Large de Roscoff","Guinardia delicatula",2,0.00749063670411985,0.000201626714564123,2.25297074015796e-05,"LIVING"
"test_collecteur_14_05_24_HSN_Mystinet_H_60_150_50_grand_petite_non-chaussette_Large de Roscoff","Helicotheca tamesis",9,0.0337078651685393,0.00492714084240364,0.000550557210366203,"LIVING"
"test_collecteur_14_05_24_HSN_Mystinet_H_60_150_50_grand_petite_non-chaussette_Large de Roscoff","Rhizosolenia",2,0.00749063670411985,6.82938354718317e-05,7.63113228243697e-06,"LIVING"
"test_collecteur_14_05_24_HSN_Mystinet_H_60_150_50_grand_petite_non-chaussette_Large de Roscoff","badfocus<other",1,0.00374531835205993,2.62454354339963e-05,2.93265692610854e-06,"NOT-LIVING"
"test_collecteur_14_05_24_HSN_Mystinet_H_60_150_50_grand_petite_non-chaussette_Large de Roscoff","copepod sp.",5,0.0187265917602996,0.0139326126864758,0.00155682587917192,"LIVING"
"test_collecteur_14_05_24_HSN_Mystinet_H_60_150_50_grand_petite_non-chaussette_Large de Roscoff","detritus",193,0.722846441947566,0.249664407976693,0.0278974245672917,"NOT-LIVING"
"test_collecteur_14_05_24_HSN_Mystinet_H_60_150_50_grand_petite_non-chaussette_Large de Roscoff","molt",11,0.0411985018726592,0.218099188119496,0.0243703365572204,"NOT-LIVING"
"test_collecteur_14_05_24_HSN_Mystinet_H_60_150_50_grand_petite_non-chaussette_Large de Roscoff","nauplii na",17,0.0636704119850187,0.0840951698593797,0.00939676855278723,"LIVING"
"test_collecteur_14_05_24_HSN_Mystinet_H_60_150_50_grand_petite_non-chaussette_Large de Roscoff","rods",5,0.0187265917602996,0.00104038446726629,0.000116252242086716,"NOT-LIVING"
"test_collecteur_14_05_24_HSN_Mystinet_H_60_150_50_grand_petite_non-chaussette_Large de Roscoff","spherical",1,0.00374531835205993,0.00327949255688796,0.000366449495008985,"LIVING"
"test_collecteur_14_05_24_HSN_Mystinet_H_60_150_50_grand_petite_non-chaussette_Large de Roscoff","spicule",2,0.00749063670411985,0.000362107424646353,4.04617728501811e-05,"NOT-LIVING"
"test_collecteur_14_05_24_HSN_Mystinet_H_60_150_50_grand_petite_non-chaussette_Large de Roscoff","unidentifiable",7,0.0262172284644195,0.00393315219164465,0.000439489222622105,"LIVING"
"test_collecteur_14_05_24_HSN_Mystinet_H_60_150_50_petit_6_Large de Roscoff","Chaetoceros<Mediophyceae",20,0.0380952380952381,0.00978824349971978,0.00109373533413384,"LIVING"
"test_collecteur_14_05_24_HSN_Mystinet_H_60_150_50_petit_6_Large de Roscoff","Delphineis",6,0.0114285714285714,0.0047346524874062,0.000529048620466899,"LIVING"
"test_collecteur_14_05_24_HSN_Mystinet_H_60_150_50_petit_6_Large de Roscoff","Helicotheca tamesis",19,0.0361904761904762,0.0129128691630903,0.00144288004983974,"LIVING"
"test_collecteur_14_05_24_HSN_Mystinet_H_60_150_50_petit_6_Large de Roscoff","Neoceratium",1,0.0019047619047619,0.00361807415231324,0.000404282498899279,"other"
"test_collecteur_14_05_24_HSN_Mystinet_H_60_150_50_petit_6_Large de Roscoff","Neoceratium fusus<Neoceratium",1,0.0019047619047619,0.000132619198563772,1.48188286752227e-05,"LIVING"
"test_collecteur_14_05_24_HSN_Mystinet_H_60_150_50_petit_6_Large de Roscoff","Odontella sp.",2,0.00380952380952381,0.00111233893859723,0.000124292412700149,"LIVING"
"test_collecteur_14_05_24_HSN_Mystinet_H_60_150_50_petit_6_Large de Roscoff","Paralia sulcata<Paralia",1,0.0019047619047619,6.9038059468541e-05,7.71429164414826e-06,"other"
"test_collecteur_14_05_24_HSN_Mystinet_H_60_150_50_petit_6_Large de Roscoff","Pleurosigma",1,0.0019047619047619,0.000108417943709495,1.21145878617142e-05,"LIVING"
"test_collecteur_14_05_24_HSN_Mystinet_H_60_150_50_petit_6_Large de Roscoff","Pseudo-Nitzschia chain",1,0.0019047619047619,2.2289784507056e-05,2.49065370168755e-06,"LIVING"
"test_collecteur_14_05_24_HSN_Mystinet_H_60_150_50_petit_6_Large de Roscoff","Rhizosolenia",6,0.0114285714285714,0.000328887179064469,3.67497527719566e-05,"LIVING"
"test_collecteur_14_05_24_HSN_Mystinet_H_60_150_50_petit_6_Large de Roscoff","badfocus<artefact",2,0.00380952380952381,0.000918506675410767,0.000102633654910947,"NOT-LIVING"
"test_collecteur_14_05_24_HSN_Mystinet_H_60_150_50_petit_6_Large de Roscoff","badfocus<other",1,0.0019047619047619,2.69000452371461e-05,3.00580282524723e-06,"NOT-LIVING"
"test_collecteur_14_05_24_HSN_Mystinet_H_60_150_50_petit_6_Large de Roscoff","copepod sp.",15,0.0285714285714286,0.133321323590246,0.0148972839108792,"LIVING"
"test_collecteur_14_05_24_HSN_Mystinet_H_60_150_50_petit_6_Large de Roscoff","copepoda-cut",1,0.0019047619047619,0.0100635389499603,0.00112449676352237,"LIVING"
"test_collecteur_14_05_24_HSN_Mystinet_H_60_150_50_petit_6_Large de Roscoff","cyst<Dinophyceae",1,0.0019047619047619,0.000953650599094578,0.000106560626191768,"NOT-LIVING"
"test_collecteur_14_05_24_HSN_Mystinet_H_60_150_50_petit_6_Large de Roscoff","detritus",377,0.718095238095238,0.460731935420316,0.0514820455117916,"NOT-LIVING"
"test_collecteur_14_05_24_HSN_Mystinet_H_60_150_50_petit_6_Large de Roscoff","molt",17,0.0323809523809524,0.170561871695323,0.0190585313631111,"NOT-LIVING"
"test_collecteur_14_05_24_HSN_Mystinet_H_60_150_50_petit_6_Large de Roscoff","nauplii na",21,0.04,0.0561072806834653,0.00626941037862698,"LIVING"
"test_collecteur_14_05_24_HSN_Mystinet_H_60_150_50_petit_6_Large de Roscoff","part<Crustacea",3,0.00571428571428571,0.00212389989398228,0.000237323924387256,"NOT-LIVING"
"test_collecteur_14_05_24_HSN_Mystinet_H_60_150_50_petit_6_Large de Roscoff","rods",12,0.0228571428571429,0.0014717198813091,0.000164449529293086,"NOT-LIVING"
"test_collecteur_14_05_24_HSN_Mystinet_H_60_150_50_petit_6_Large de Roscoff","spherical",2,0.00380952380952381,0.000921562491769585,0.000102975110896013,"LIVING"
"test_collecteur_14_05_24_HSN_Mystinet_H_60_150_50_petit_6_Large de Roscoff","spicule",1,0.0019047619047619,0.000625545357163384,6.98982468358653e-05,"NOT-LIVING"
"test_collecteur_14_05_24_HSN_Mystinet_H_60_150_50_petit_6_Large de Roscoff","unidentifiable",13,0.0247619047619048,0.00655180994387474,0.000732097238728319,"LIVING"
"test_collecteur_14_05_24_HSN_Mystinet_H_60_150_50_petit_6_Large de Roscoff","veliger",1,0.0019047619047619,0.00284332412089051,0.000317712167407975,"LIVING"
